INDEX	sample_id	case_id	file_id.BAM	file_name.BAM	file_id.STAR-SJCounts	file_name.STAR-SJCounts	chr11_32387791_32388819	chr11_32387791_32391980	chr11_32388497_32388836	chr11_32388605_32388819	chr11_32388743_32388872	chr11_32389180_32391921	chr11_32389180_32391971	chr11_32389180_32391980	chr11_32389180_32392048	chr11_32389180_32392665	chr11_32392065_32392665	chr11_32392065_32392755	chr11_32392065_32396156	chr11_32392065_32396256	chr11_32392065_32396349	chr11_32392096_32392665	chr11_32392333_32392665	chr11_32392751_32396252	chr11_32392756_32393486	chr11_32392756_32396156	chr11_32392756_32396256	chr11_32392756_32396982	chr11_32392756_32397010	chr11_32392756_32399947	chr11_32393517_32396256	chr11_32394142_32397429	chr11_32394709_32394970	chr11_32394821_32394899	chr11_32395607_32395739	chr11_32396408_32396522	chr11_32396408_32396704	chr11_32396408_32396982	chr11_32396408_32397010	chr11_32396408_32399947	chr11_32397024_32397914	chr11_32397148_32399947	chr11_32397185_32399947	chr11_32397573_32399063	chr11_32397575_32398966	chr11_32397598_32399014	chr11_32398671_32400449	chr11_32400045_32400145	chr11_32400045_32410426	chr11_32400045_32412088	chr11_32400045_32416489	chr11_32400045_32417576	chr11_32400045_32427955	chr11_32400045_32433764	chr11_32400109_32416489	chr11_32400699_32416489	chr11_32401516_32406236	chr11_32401670_32406996	chr11_32402689_32403849	chr11_32402768_32409540	chr11_32403620_32404450	chr11_32404059_32405706	chr11_32406472_32411433	chr11_32406868_32407002	chr11_32406868_32423931	chr11_32407992_32409716	chr11_32408010_32408299	chr11_32408253_32415388	chr11_32409573_32409846	chr11_32410479_32416489	chr11_32414361_32414845	chr11_32414480_32432519	chr11_32414809_32415583	chr11_32416541_32417423	chr11_32416541_32417576	chr11_32417655_32420759	chr11_32417655_32421866	chr11_32417655_32427955	chr11_32417655_32428058	chr11_32417655_32434699	chr11_32419804_32424084	chr11_32419804_32424376	chr11_32421540_32421591	chr11_32423884_32424192	chr11_32423887_32432305	chr11_32423948_32431678	chr11_32427971_32428552	chr11_32427971_32434761	chr11_32428059_32428496	chr11_32428059_32434699	chr11_32428574_32434714	chr11_32428620_32428945	chr11_32428620_32429558	chr11_32428620_32430529	chr11_32428620_32432625	chr11_32428620_32433255	chr11_32428620_32433611	chr11_32428620_32433764	chr11_32428620_32433935	chr11_32428620_32434067	chr11_32428620_32434258	chr11_32428620_32434699	chr11_32428620_32435528	chr11_32429432_32429499	chr11_32431028_32431080	chr11_32433208_32433845	chr11_32433396_32433845	chr11_32434718_32434824	chr11_32434955_32435155	chr11_32435340_32435528
1	TCGA-AB-2871-03A	TCGA-AB-2871	0673befb-42b2-4d56-a6d1-cb89bcfc57ae	bef99df7-8626-4b59-a7f4-5fc83f874851.rna_seq.genomic.gdc_realn.bam	c148b8e9-25cb-473c-8ea7-5fa4813629dd	bef99df7-8626-4b59-a7f4-5fc83f874851.rna_seq.star_splice_junctions.tsv.gz	0	0	0	0	0	0	17	6	0	0	45	0	0	0	0	0	0	0	0	0	54	0	0	1	0	0	0	0	0	0	0	1	0	41	0	1	0	0	0	0	0	0	0	0	28	9	0	0	0	0	0	0	0	0	0	0	0	0	0	0	0	0	0	0	0	0	0	1	28	0	0	39	0	0	0	0	0	0	0	0	0	0	37	0	0	0	0	0	0	0	0	0	0	0	0	45	0	0	0	0	0	0	0	0
2	TCGA-AB-2932-03A	TCGA-AB-2932	f38291b4-9a0a-4d0e-9149-2dde59f61333	d9d96af6-ce04-4d84-9f46-87b53876ea65.rna_seq.genomic.gdc_realn.bam	f4f1b0e1-7a01-45ba-afcf-154e392fc8a4	d9d96af6-ce04-4d84-9f46-87b53876ea65.rna_seq.star_splice_junctions.tsv.gz	0	0	0	0	0	0	3	0	0	0	5	0	0	0	0	0	0	0	0	0	2	0	0	1	0	0	0	0	0	0	0	0	0	4	0	0	0	0	0	0	0	0	0	0	10	2	0	0	0	0	0	0	0	0	0	0	0	0	0	0	0	0	0	0	0	0	0	0	4	0	0	4	0	0	0	0	0	0	0	0	0	0	5	0	0	0	0	0	0	0	0	0	0	0	0	5	0	0	0	0	0	0	0	0
3	TCGA-AB-2882-03A	TCGA-AB-2882	5588a14e-97b7-44bd-a162-ede5272241f4	a2a8bda5-ce4e-465b-a092-bc04ca652454.rna_seq.genomic.gdc_realn.bam	d47da465-07c4-498c-9c4b-94c0532e1b51	a2a8bda5-ce4e-465b-a092-bc04ca652454.rna_seq.star_splice_junctions.tsv.gz	0	0	0	0	0	0	4	6	0	0	17	0	0	0	0	0	0	0	0	0	23	0	0	1	0	0	0	0	0	0	0	0	0	12	0	0	0	0	0	0	0	0	0	0	10	9	0	0	0	0	0	0	0	0	0	0	0	0	0	0	0	0	0	0	0	0	0	0	13	0	0	16	0	0	0	0	0	0	0	0	0	0	15	0	0	0	0	0	0	0	0	1	0	0	0	18	0	0	0	0	0	0	0	0
4	TCGA-AB-2924-03A	TCGA-AB-2924	62a2ec61-0495-4dc4-83e5-06eab82d4ce2	e87ad27a-c207-4129-bff0-27be1571c47d.rna_seq.genomic.gdc_realn.bam	a1f3cef0-1ceb-4483-a4a2-b3fe6f562037	e87ad27a-c207-4129-bff0-27be1571c47d.rna_seq.star_splice_junctions.tsv.gz	0	0	0	0	0	0	7	4	0	0	14	0	0	0	0	0	0	0	0	0	13	0	0	0	0	0	0	0	0	0	0	0	0	13	0	0	0	0	0	0	0	0	0	0	18	1	0	0	0	0	0	1	0	0	0	0	0	0	0	0	0	0	0	0	0	0	0	0	6	0	0	9	0	0	0	0	0	0	0	0	0	0	12	0	0	0	1	0	0	0	0	0	0	0	0	14	0	0	0	0	0	0	0	0
5	TCGA-AB-2983-03A	TCGA-AB-2983	67edb2ef-9fbb-4ad8-a04d-1b765ecefbf7	4dcc9a73-847f-4b86-9a54-e2e842710af4.rna_seq.genomic.gdc_realn.bam	5ec8b60a-f1c0-425b-b9af-b31c0c1b3160	4dcc9a73-847f-4b86-9a54-e2e842710af4.rna_seq.star_splice_junctions.tsv.gz	0	0	0	0	0	0	7	7	0	0	22	0	0	0	0	0	0	0	0	0	18	0	0	4	0	0	2	0	0	0	0	0	0	21	0	0	0	0	0	0	0	0	0	0	17	13	0	0	0	0	0	0	0	0	0	0	0	0	0	0	0	0	0	0	0	0	0	0	23	0	0	17	0	0	0	0	0	0	0	0	0	0	28	0	0	0	0	0	0	0	0	0	1	0	1	13	0	0	0	0	0	0	0	0
6	TCGA-AB-2820-03A	TCGA-AB-2820	95265491-bce3-41f6-b018-24f3dc96fc68	6d5f3dca-a2bc-4896-8e8d-e225b3ca63d9.rna_seq.genomic.gdc_realn.bam	5d9353e1-3949-4b9c-908d-28ef4c43b515	6d5f3dca-a2bc-4896-8e8d-e225b3ca63d9.rna_seq.star_splice_junctions.tsv.gz	0	0	0	0	0	0	6	7	0	2	16	0	0	0	0	0	0	0	0	0	30	0	0	0	0	0	0	0	0	0	0	0	0	16	0	0	0	0	0	0	0	0	0	0	23	11	0	0	0	0	0	0	0	0	0	0	0	0	0	0	0	0	0	0	0	0	0	0	7	0	0	23	0	0	0	0	0	0	0	0	0	0	23	0	0	1	0	0	0	0	0	0	0	0	0	22	0	0	0	0	0	0	0	0
7	TCGA-AB-2808-03A	TCGA-AB-2808	2556a8d0-4afd-43f8-b256-d8fabed0b1bf	8a80089c-da0c-42f6-a772-91cb87a0ff78.rna_seq.genomic.gdc_realn.bam	4bb60cb3-0742-455c-a58d-08a3f1662239	8a80089c-da0c-42f6-a772-91cb87a0ff78.rna_seq.star_splice_junctions.tsv.gz	0	0	0	0	0	0	11	4	0	0	16	1	0	0	0	0	0	0	0	0	10	0	0	1	0	0	0	0	1	0	0	0	0	6	0	0	0	0	0	0	0	0	0	0	15	1	0	0	0	0	0	0	0	0	0	0	0	0	0	0	0	0	0	0	0	0	0	0	2	0	0	4	0	0	0	0	0	0	0	0	0	0	2	0	0	0	0	0	0	0	0	0	0	0	0	3	0	0	0	0	0	0	0	0
8	TCGA-AB-2987-03A	TCGA-AB-2987	7f760e2d-ffe1-4d01-a215-f70912f6ca83	3a91981c-57c8-4108-823b-e3f31639b11d.rna_seq.genomic.gdc_realn.bam	5af6f766-9ebb-4659-9622-e73a97a32f33	3a91981c-57c8-4108-823b-e3f31639b11d.rna_seq.star_splice_junctions.tsv.gz	0	0	0	0	0	0	0	0	0	0	0	0	0	0	0	0	0	0	0	0	0	0	0	0	0	0	0	0	0	0	0	0	0	0	0	0	0	0	0	0	0	0	0	0	0	0	0	0	0	0	0	0	0	0	0	0	0	0	0	0	0	0	0	0	0	0	0	0	0	0	0	0	0	0	0	0	0	0	0	0	0	0	0	0	0	0	0	0	0	0	0	0	0	0	0	0	0	0	0	0	0	0	0	0
9	TCGA-AB-2900-03A	TCGA-AB-2900	1c55828f-a17b-4d1f-aed0-da1485d83280	e81da874-53c8-44df-9c29-5a894d2d5415.rna_seq.genomic.gdc_realn.bam	bc6c77fe-e643-4b48-a9b0-6b687d4dd6aa	e81da874-53c8-44df-9c29-5a894d2d5415.rna_seq.star_splice_junctions.tsv.gz	0	0	0	0	0	0	3	1	0	0	10	0	0	0	0	0	0	0	0	0	12	0	0	0	0	0	0	0	0	0	0	0	0	8	0	0	0	0	0	0	0	0	0	0	5	2	0	0	0	0	0	0	0	0	0	0	0	0	0	0	0	0	0	0	0	0	0	0	4	0	0	9	0	0	0	0	0	0	0	0	0	0	12	0	0	0	0	0	0	0	0	0	0	0	0	5	0	0	0	0	0	0	0	0
10	TCGA-AB-2952-03B	TCGA-AB-2952	ec1c1380-de30-45cf-b917-b816331e95c7	777dd108-b4d7-4412-9bdd-a0efed23e4c8.rna_seq.genomic.gdc_realn.bam	6e1dad52-af17-4d74-8279-3552cf780ee8	777dd108-b4d7-4412-9bdd-a0efed23e4c8.rna_seq.star_splice_junctions.tsv.gz	0	0	0	0	0	0	10	6	0	0	15	0	0	0	0	0	0	0	0	0	10	0	0	0	0	0	0	0	0	0	0	0	0	23	0	0	0	0	0	0	0	0	0	0	25	4	0	0	0	0	0	0	0	0	0	0	0	0	0	0	0	0	0	0	0	0	0	0	14	0	0	19	0	0	0	0	0	0	0	0	0	0	21	0	0	0	1	0	0	0	0	3	0	0	0	21	0	0	0	0	0	0	0	0
11	TCGA-AB-2901-03A	TCGA-AB-2901	6acffa37-1918-45da-a2df-d9933c868ef9	44b51a3c-b7dd-4db1-ac2d-aac89df77e90.rna_seq.genomic.gdc_realn.bam	d852b7d8-058e-4fd8-869b-88d31bdb6d74	44b51a3c-b7dd-4db1-ac2d-aac89df77e90.rna_seq.star_splice_junctions.tsv.gz	0	0	0	0	0	0	6	6	0	0	22	0	0	0	0	0	0	0	0	0	32	0	0	0	0	0	0	0	0	0	0	0	0	32	0	0	0	0	0	0	0	0	0	0	23	6	0	0	0	0	0	0	0	0	0	0	0	0	0	0	0	0	0	0	0	0	0	0	27	0	0	33	0	0	0	0	0	0	0	0	0	0	32	0	0	0	0	0	0	0	0	0	0	0	0	23	0	0	0	0	0	0	0	0
12	TCGA-AB-2846-03A	TCGA-AB-2846	7be60793-e556-4afc-b9b5-1d6ec9892d3c	fe461111-3e73-4b29-8d70-bba1fa878924.rna_seq.genomic.gdc_realn.bam	3477a0b6-1b34-4eaa-900f-a0278f1d89e6	fe461111-3e73-4b29-8d70-bba1fa878924.rna_seq.star_splice_junctions.tsv.gz	0	0	0	0	0	0	7	2	0	0	15	0	0	0	0	0	0	0	0	0	25	0	0	0	0	0	0	0	0	0	0	0	1	20	0	0	0	0	0	0	0	0	0	0	12	6	0	0	0	0	0	0	0	0	0	0	0	0	0	0	0	0	0	0	0	0	0	0	10	0	0	32	0	0	0	0	0	0	0	0	0	0	22	0	0	0	0	0	0	0	0	0	0	0	0	20	0	0	0	0	0	0	0	0
13	TCGA-AB-2842-03A	TCGA-AB-2842	c04ca868-c44f-4f03-9bc4-a51106627cff	ebf4b922-ab3b-4cc0-969d-f7a8e8d9a2c1.rna_seq.genomic.gdc_realn.bam	870fafc6-8e6f-4795-9aa2-dd6944ce25fe	ebf4b922-ab3b-4cc0-969d-f7a8e8d9a2c1.rna_seq.star_splice_junctions.tsv.gz	0	0	0	0	0	0	8	4	0	0	13	0	0	0	0	0	0	0	0	0	7	0	0	2	0	0	0	0	0	0	0	0	0	4	0	0	0	0	0	0	0	0	0	0	2	2	0	0	0	0	0	0	0	0	0	0	0	0	0	0	0	0	0	0	0	0	0	0	5	0	0	5	0	0	0	0	0	0	0	0	0	0	1	0	0	0	0	0	0	0	0	0	0	0	0	1	0	0	0	0	0	0	0	0
14	TCGA-AB-2911-03A	TCGA-AB-2911	94f23c96-a96d-48b0-84f5-de680d63ecf8	5f4746f1-6429-4c20-a605-c53c3eb72203.rna_seq.genomic.gdc_realn.bam	a7dbbaea-9cad-464e-81f9-54e47b6d9499	5f4746f1-6429-4c20-a605-c53c3eb72203.rna_seq.star_splice_junctions.tsv.gz	0	0	0	0	0	0	9	2	0	0	18	0	0	0	0	0	0	0	0	0	9	0	0	0	0	0	0	0	0	0	0	0	0	11	0	0	0	0	0	0	0	0	0	0	22	1	0	0	0	0	0	0	0	0	0	0	0	0	0	0	0	0	0	0	0	0	0	0	17	0	0	14	0	0	0	0	0	0	0	0	0	0	17	0	0	0	0	0	0	0	0	3	0	0	0	6	0	0	0	0	0	0	0	0
15	TCGA-AB-2965-03A	TCGA-AB-2965	17789daf-f62a-4646-b42c-84c3f0722588	c2b3bf55-e29c-43f4-b447-deb490d8b43b.rna_seq.genomic.gdc_realn.bam	837b615a-7ab4-4bde-8084-42dfff9d8a40	c2b3bf55-e29c-43f4-b447-deb490d8b43b.rna_seq.star_splice_junctions.tsv.gz	0	0	0	0	0	0	8	1	0	0	22	0	0	0	0	0	0	0	0	0	6	0	0	0	0	0	0	0	0	0	0	0	0	10	0	0	0	0	0	0	0	0	0	0	10	4	0	0	0	0	0	0	0	0	0	0	0	0	0	0	0	0	0	0	0	0	0	0	3	0	0	4	0	0	0	0	0	0	0	0	0	0	3	0	0	0	0	0	0	0	0	0	0	0	0	2	0	0	0	0	0	0	0	0
16	TCGA-AB-2946-03A	TCGA-AB-2946	17e1ddfa-99ed-4590-af29-89666365f76b	da3d27b5-ce33-41fd-be43-a322d0c49d91.rna_seq.genomic.gdc_realn.bam	e6b9acdb-93b4-403c-90fc-446f83b30fd0	da3d27b5-ce33-41fd-be43-a322d0c49d91.rna_seq.star_splice_junctions.tsv.gz	0	0	0	0	0	0	2	0	0	0	6	0	0	0	0	0	0	0	0	1	6	0	0	0	0	0	0	0	0	0	0	0	0	1	0	0	0	0	0	0	0	0	0	0	2	0	0	0	0	0	0	0	0	0	0	0	0	0	0	0	0	0	0	0	0	0	0	0	1	0	0	3	0	0	0	0	0	0	0	0	0	0	3	0	0	0	0	0	0	0	0	0	0	0	0	2	0	0	0	0	0	0	0	0
17	TCGA-AB-2970-03A	TCGA-AB-2970	c366259e-d414-4f8e-9ebb-c65fc16ae0cc	cc3016ae-9d36-49c1-8cf5-a6a1f200f52c.rna_seq.genomic.gdc_realn.bam	65cef97e-ea36-485d-9005-8292978ab65d	cc3016ae-9d36-49c1-8cf5-a6a1f200f52c.rna_seq.star_splice_junctions.tsv.gz	0	0	0	0	0	0	6	2	0	4	20	0	0	0	0	0	0	0	0	0	18	0	0	0	0	0	0	0	0	0	0	0	0	13	0	0	0	0	0	0	0	0	0	0	16	1	0	0	0	0	0	0	0	0	0	0	0	0	0	0	0	0	0	0	0	0	0	0	14	0	0	22	0	0	0	0	0	0	0	0	0	0	21	0	0	1	0	0	0	0	0	0	0	0	0	14	0	0	0	0	0	0	0	0
18	TCGA-AB-2944-03A	TCGA-AB-2944	b32b0796-c0c2-4604-8936-cf18d031e5a4	33294fe6-40b4-4090-9658-985dfeb0f645.rna_seq.genomic.gdc_realn.bam	567fb1fb-5479-47ed-87d8-3c07adb6225d	33294fe6-40b4-4090-9658-985dfeb0f645.rna_seq.star_splice_junctions.tsv.gz	0	0	0	0	0	0	10	4	0	0	18	0	0	0	0	0	0	0	0	0	17	0	0	0	0	0	0	0	0	0	0	0	0	9	0	0	0	0	0	0	0	0	0	0	11	10	0	0	0	0	0	0	0	0	0	0	0	0	0	0	0	0	0	0	0	0	0	0	19	0	0	16	0	0	0	0	0	0	0	0	0	0	27	0	0	0	0	0	0	0	0	0	0	0	3	15	0	0	0	0	0	0	0	0
19	TCGA-AB-2895-03A	TCGA-AB-2895	50280353-1463-43c0-9462-f6daa01c5504	7d5ef159-fc52-47ba-a598-3f1e0d1856e6.rna_seq.genomic.gdc_realn.bam	0cd2c8b6-ff11-4b9f-90be-42d7e68ac67f	7d5ef159-fc52-47ba-a598-3f1e0d1856e6.rna_seq.star_splice_junctions.tsv.gz	0	0	0	0	0	0	22	8	0	0	38	0	0	0	0	3	0	0	0	0	43	0	0	1	0	0	0	0	0	0	0	0	0	57	0	0	0	0	0	0	0	0	0	0	37	11	0	0	0	0	0	0	0	0	0	0	0	0	0	0	0	0	0	0	0	0	0	1	40	0	0	56	0	0	0	0	0	0	1	0	0	0	37	0	0	0	0	0	1	0	0	1	1	0	1	38	0	0	0	0	0	0	3	0
20	TCGA-AB-2920-03B	TCGA-AB-2920	c90dceb4-5556-45c7-b072-b132e0263bbb	b12a36cd-2958-4312-9969-5f7ac06ee927.rna_seq.genomic.gdc_realn.bam	653a7c64-ed07-4b5a-8be5-436468cef53f	b12a36cd-2958-4312-9969-5f7ac06ee927.rna_seq.star_splice_junctions.tsv.gz	0	0	0	0	0	0	8	8	0	0	22	0	0	0	0	0	0	0	0	0	40	0	0	1	0	0	0	0	0	0	0	1	0	30	0	1	0	0	0	0	2	0	0	0	44	13	0	0	0	0	0	0	0	0	0	0	0	0	0	0	0	0	0	0	0	0	0	0	17	0	0	49	0	0	0	0	0	0	0	0	0	0	59	0	0	0	0	0	0	0	0	1	0	0	0	56	0	0	0	0	0	0	0	0
21	TCGA-AB-2822-03A	TCGA-AB-2822	7d3edc45-e241-4691-9fdd-86a1234ac512	1d2d6d89-de88-4c50-8c1a-cb652f79ec0a.rna_seq.genomic.gdc_realn.bam	dc0852a0-b743-4b0c-87a8-03e35fb53a15	1d2d6d89-de88-4c50-8c1a-cb652f79ec0a.rna_seq.star_splice_junctions.tsv.gz	0	0	0	0	0	0	23	10	0	3	26	0	0	0	0	0	0	0	0	0	28	0	0	0	0	0	0	0	0	0	0	0	0	20	0	0	0	0	0	0	0	0	0	0	31	6	0	0	0	0	0	0	0	0	0	0	0	0	0	0	0	0	0	0	0	0	0	0	22	0	0	28	0	0	0	0	0	0	0	0	0	0	17	0	0	0	0	0	0	0	0	0	0	0	0	12	0	0	0	0	0	0	0	0
22	TCGA-AB-2912-03A	TCGA-AB-2912	1eeee9b2-3073-45d1-9718-4a184b9c8446	072b426b-9d30-4a6f-910b-5dc10f727e10.rna_seq.genomic.gdc_realn.bam	326f553e-aa96-4a89-8f96-df10355dcbef	072b426b-9d30-4a6f-910b-5dc10f727e10.rna_seq.star_splice_junctions.tsv.gz	0	0	0	0	0	0	0	0	0	0	1	0	0	0	0	0	0	0	0	0	1	0	0	0	0	0	0	0	0	0	0	0	0	1	0	0	0	0	0	0	0	0	0	0	0	0	0	0	0	0	0	0	0	0	0	0	0	0	0	0	0	0	0	0	0	0	0	0	0	0	0	1	0	0	0	0	0	0	0	0	0	0	0	0	0	0	0	0	0	0	0	0	0	0	0	0	0	0	0	0	0	0	0	0
23	TCGA-AB-2885-03A	TCGA-AB-2885	5ef8b3ef-41c2-4baa-9541-485515a12f9a	130e2e23-18bc-4d4b-9d98-9196f493e760.rna_seq.genomic.gdc_realn.bam	72d838c0-4cad-4d7e-a447-8c3ceece6510	130e2e23-18bc-4d4b-9d98-9196f493e760.rna_seq.star_splice_junctions.tsv.gz	0	0	0	0	0	0	8	3	0	0	20	0	0	0	0	0	0	0	0	0	20	0	0	0	0	0	0	0	0	0	0	0	0	16	0	0	0	0	0	0	0	0	0	0	14	6	0	0	0	0	0	0	0	0	0	0	0	0	0	0	0	0	0	0	0	0	0	0	21	0	0	20	0	0	0	0	0	0	0	0	0	0	21	0	0	0	0	0	0	0	0	0	0	0	0	17	0	0	0	0	0	0	0	0
24	TCGA-AB-2933-03A	TCGA-AB-2933	16125170-7402-4159-8c17-e26572e532aa	4b4d6a72-1400-4909-97db-23a2ba56022c.rna_seq.genomic.gdc_realn.bam	4df8e3d3-a401-432f-8935-e7fe41065569	4b4d6a72-1400-4909-97db-23a2ba56022c.rna_seq.star_splice_junctions.tsv.gz	0	0	0	0	0	0	2	0	0	0	0	0	0	0	0	0	0	0	0	0	0	0	0	0	0	0	0	0	0	0	0	0	0	0	0	0	0	0	0	0	0	0	0	0	0	0	0	0	0	0	0	0	0	0	0	0	0	0	0	0	0	0	0	0	0	0	0	0	0	0	0	0	0	0	0	0	0	0	0	0	0	0	0	0	0	0	0	0	0	0	0	0	0	0	0	0	0	0	0	0	0	0	0	0
25	TCGA-AB-2873-03A	TCGA-AB-2873	f7afd5f3-9ac7-41dc-bd5f-2a006ed71cdd	f9a7251c-a338-40a1-aa73-c7748b60f366.rna_seq.genomic.gdc_realn.bam	603e625e-1a28-4477-bf78-8bc52b56f056	f9a7251c-a338-40a1-aa73-c7748b60f366.rna_seq.star_splice_junctions.tsv.gz	0	0	0	0	0	0	0	0	0	0	0	0	0	0	0	0	0	0	0	0	0	0	0	0	0	0	0	0	0	0	0	0	0	0	0	0	0	0	0	0	0	0	0	0	0	0	0	0	0	0	0	0	0	0	0	0	0	0	0	0	0	0	0	0	0	0	0	0	0	0	0	0	0	0	0	0	0	0	0	0	0	0	0	0	0	0	0	0	0	0	0	0	0	0	0	0	0	0	0	0	0	0	0	0
26	TCGA-AB-2986-03A	TCGA-AB-2986	c2302624-baf6-404d-97d9-9ac96e7b4044	0f2ed04d-cf8e-4a50-bd69-2dd60f9dc6d8.rna_seq.genomic.gdc_realn.bam	7848cf94-50f6-4946-965e-6eb863c1ce3d	0f2ed04d-cf8e-4a50-bd69-2dd60f9dc6d8.rna_seq.star_splice_junctions.tsv.gz	0	0	0	0	0	0	15	15	0	0	25	0	0	0	0	0	0	0	0	0	47	0	0	6	0	0	0	0	0	0	0	0	0	16	0	0	0	0	0	0	0	0	0	0	1	2	0	0	0	0	0	0	0	0	0	0	0	0	0	0	0	0	0	0	0	0	0	1	24	0	0	5	0	0	0	0	0	0	0	0	0	0	0	0	0	0	0	0	0	0	0	0	0	0	0	6	0	0	0	0	0	0	0	0
27	TCGA-AB-2826-03A	TCGA-AB-2826	7ca1fcaa-dde9-436c-97c3-6e4ae445aeb9	bba0e37e-3ec7-45ae-a384-1c02f4648183.rna_seq.genomic.gdc_realn.bam	50d56ef4-8232-4e68-b043-3c11fe76f768	bba0e37e-3ec7-45ae-a384-1c02f4648183.rna_seq.star_splice_junctions.tsv.gz	0	0	0	0	0	0	3	0	0	0	11	0	0	0	0	0	0	0	0	0	7	0	0	0	0	0	0	0	0	0	0	0	0	15	0	0	0	0	0	0	0	0	0	0	5	4	0	0	0	0	0	0	0	0	0	0	0	0	0	0	0	0	0	0	0	0	0	0	4	0	0	4	0	0	0	0	0	0	0	0	0	0	5	0	0	0	0	0	0	0	0	0	0	0	0	1	0	0	0	0	0	0	0	0
28	TCGA-AB-2991-03A	TCGA-AB-2991	aa45e988-18f9-4e60-a792-7d1ced4f2f31	e8bfda63-2489-4f9a-8edc-815c4ad111f7.rna_seq.genomic.gdc_realn.bam	06cd0738-67ec-4c5d-8e19-9d702f89dcff	e8bfda63-2489-4f9a-8edc-815c4ad111f7.rna_seq.star_splice_junctions.tsv.gz	0	0	0	0	0	0	23	12	0	0	73	0	0	0	0	0	0	0	0	0	66	0	0	3	0	0	0	0	0	0	0	3	0	44	0	0	0	0	0	0	0	0	0	0	45	14	0	0	0	0	0	0	0	0	0	0	0	0	0	1	0	0	0	0	0	0	0	3	29	0	0	40	0	0	0	0	0	0	0	0	0	0	45	1	0	0	0	0	0	0	0	3	0	0	1	41	0	0	0	0	0	0	0	0
29	TCGA-AB-2959-03A	TCGA-AB-2959	ae892a40-a985-4e87-9e3c-37673ebb73f0	5852bf03-0a4a-491a-ac82-e452552c526a.rna_seq.genomic.gdc_realn.bam	df099fb7-affc-447f-a156-5fa218a56f13	5852bf03-0a4a-491a-ac82-e452552c526a.rna_seq.star_splice_junctions.tsv.gz	0	0	0	0	0	0	0	0	0	0	6	0	0	0	0	0	0	0	0	0	5	0	0	0	0	0	0	0	0	0	0	0	0	1	0	0	0	0	0	0	0	0	0	0	0	0	0	0	0	0	0	0	0	0	0	0	0	0	0	0	0	0	0	0	0	0	0	0	0	0	0	0	0	0	0	0	0	0	0	0	0	0	0	0	0	0	0	0	0	0	0	0	0	0	0	1	0	0	0	0	0	0	0	0
30	TCGA-AB-2925-03A	TCGA-AB-2925	24369fbc-3a65-493f-8b17-149a44e8854f	545436f9-5471-43ef-9841-164cb3487c49.rna_seq.genomic.gdc_realn.bam	d9be1d7a-e48f-45db-84ea-0f76af2aa48d	545436f9-5471-43ef-9841-164cb3487c49.rna_seq.star_splice_junctions.tsv.gz	0	0	0	0	0	0	2	2	0	1	4	0	0	0	0	0	0	0	0	0	5	0	0	0	0	0	0	0	0	0	0	0	0	5	0	0	0	0	0	0	0	0	0	0	8	0	0	0	0	0	0	0	0	0	0	0	0	0	0	0	0	0	0	0	0	0	0	0	4	0	0	5	0	0	0	0	0	0	0	0	0	0	3	0	0	0	0	0	0	0	0	0	0	0	0	1	0	0	0	0	0	0	0	0
31	TCGA-AB-2865-03A	TCGA-AB-2865	f67b7891-a501-47a1-9781-48012a14f850	855e74f6-0e52-44bf-af66-246b1635daaf.rna_seq.genomic.gdc_realn.bam	a789b78d-01a6-4d76-883f-9c9522e45ade	855e74f6-0e52-44bf-af66-246b1635daaf.rna_seq.star_splice_junctions.tsv.gz	0	0	0	0	0	0	2	1	0	0	2	0	0	0	0	0	0	0	0	0	1	0	0	0	0	0	0	0	0	0	0	0	0	0	0	0	0	0	0	0	0	0	0	0	2	0	0	0	0	0	0	0	0	0	0	0	0	0	0	0	0	0	0	0	0	0	0	0	1	0	0	5	0	0	0	0	0	0	0	0	0	0	3	0	0	0	0	0	0	0	0	0	0	0	0	3	0	0	0	0	0	0	0	0
32	TCGA-AB-3012-03A	TCGA-AB-3012	daea08a4-ed05-470c-a386-30c3812fe2c4	54d87c00-55ae-4a75-a1dd-4992660fdf30.rna_seq.genomic.gdc_realn.bam	5dadf223-87d0-4e11-b527-dcc192bce532	54d87c00-55ae-4a75-a1dd-4992660fdf30.rna_seq.star_splice_junctions.tsv.gz	0	0	0	0	0	0	22	8	0	0	51	0	0	4	0	0	0	0	0	0	62	1	0	1	0	0	0	0	0	0	0	0	2	42	0	0	0	0	0	0	0	0	0	0	35	10	0	0	0	0	0	0	0	0	0	0	1	0	0	0	0	0	0	0	0	0	0	1	28	0	0	44	0	1	0	0	0	0	0	0	0	0	32	0	0	1	0	0	0	0	0	12	1	1	7	26	1	0	0	0	2	0	0	0
33	TCGA-AB-2890-03A	TCGA-AB-2890	b72bd835-2775-4705-b42c-24bf08c24fba	5d92f2a1-9bc0-4f7b-93d8-dbbc86241ca1.rna_seq.genomic.gdc_realn.bam	33511443-68e0-48d6-b125-c3abb7f2762f	5d92f2a1-9bc0-4f7b-93d8-dbbc86241ca1.rna_seq.star_splice_junctions.tsv.gz	0	0	0	0	0	0	3	1	0	0	4	0	0	0	0	0	0	0	0	0	1	0	0	0	0	0	0	0	0	0	0	0	0	4	0	0	0	0	0	0	0	0	0	0	3	0	0	0	0	0	0	0	0	0	0	0	0	0	0	0	0	0	0	0	0	0	0	0	8	0	0	5	0	0	0	0	0	0	0	0	0	0	5	0	0	0	0	0	0	0	0	0	0	0	0	7	0	0	0	0	0	0	0	0
34	TCGA-AB-2844-03A	TCGA-AB-2844	71daba5f-12ed-417e-99b1-1cb163b4055c	c9eb8188-bc31-4bdf-aaee-69bf875628a0.rna_seq.genomic.gdc_realn.bam	ed840fb8-ad89-4680-9749-7ca5c4ddf6d4	c9eb8188-bc31-4bdf-aaee-69bf875628a0.rna_seq.star_splice_junctions.tsv.gz	0	0	0	0	0	0	2	7	0	0	19	0	0	0	0	0	0	0	0	0	12	0	0	0	0	0	0	0	0	0	0	0	0	22	0	0	0	0	0	0	0	0	0	0	14	4	0	0	0	0	0	0	0	0	0	0	0	0	0	0	0	0	0	0	0	0	0	0	9	0	0	15	0	0	0	0	0	0	0	0	0	0	12	0	0	0	0	0	0	0	0	0	0	0	0	11	0	0	0	0	0	0	0	0
35	TCGA-AB-2863-03A	TCGA-AB-2863	0ddc11d5-71a8-4dce-8405-acf1c880375a	741e3675-2e4d-4b9b-90ab-953a0842c9bc.rna_seq.genomic.gdc_realn.bam	706e20bc-16f7-4ca0-bb2d-fafd5f1520d0	741e3675-2e4d-4b9b-90ab-953a0842c9bc.rna_seq.star_splice_junctions.tsv.gz	0	0	0	0	0	0	12	2	0	0	38	0	0	0	0	0	0	0	0	0	35	0	0	0	0	0	0	0	0	0	0	2	0	19	0	0	0	0	0	0	0	0	0	0	21	4	0	0	0	0	0	0	0	0	0	0	0	0	0	0	0	0	0	0	0	0	0	0	17	0	0	24	0	0	0	0	0	0	0	0	0	0	19	0	0	0	0	0	0	0	0	0	0	0	0	20	0	0	0	0	0	0	0	0
36	TCGA-AB-2941-03A	TCGA-AB-2941	1e7c19a0-8084-4953-8dbb-d50339fbb6c3	2bbd3e73-3602-42bb-93b1-7c2863e180e6.rna_seq.genomic.gdc_realn.bam	207e684f-68ce-4fa9-948e-a440b595676a	2bbd3e73-3602-42bb-93b1-7c2863e180e6.rna_seq.star_splice_junctions.tsv.gz	0	0	0	0	0	0	6	7	0	1	21	0	0	0	0	0	0	0	0	0	31	0	0	0	0	0	0	0	0	0	0	2	0	17	0	0	0	0	0	0	0	0	0	0	14	9	0	0	0	0	0	0	0	0	0	0	0	0	0	0	0	0	0	0	0	0	0	0	10	0	0	18	0	0	0	0	0	0	0	0	0	0	19	0	0	0	0	0	0	0	0	0	0	0	1	19	0	0	0	0	0	0	0	0
37	TCGA-AB-2913-03A	TCGA-AB-2913	5ce13bf7-a301-4b4b-a41e-387f8c54e5a0	e01fa815-2266-4fd6-9f57-6a359f5979a9.rna_seq.genomic.gdc_realn.bam	0cca4324-8916-4483-97d2-d5f473c58154	e01fa815-2266-4fd6-9f57-6a359f5979a9.rna_seq.star_splice_junctions.tsv.gz	0	0	0	0	0	0	11	10	0	0	24	0	0	0	0	0	0	0	0	3	0	1	0	16	0	0	0	2	0	0	0	0	0	0	2	0	0	0	0	0	0	0	0	0	9	9	0	0	0	0	0	0	0	0	0	0	0	2	0	0	1	0	0	0	0	0	0	0	8	0	0	18	0	0	0	0	0	0	0	0	0	0	20	0	0	0	0	0	0	0	0	0	0	0	0	17	0	0	0	0	0	0	0	0
38	TCGA-AB-2889-03A	TCGA-AB-2889	df0129f2-420d-477a-bfdc-eb997a37a8b0	fe99ef06-43a9-4f4c-b447-2059bfb00471.rna_seq.genomic.gdc_realn.bam	47ba7f2b-e8bb-41ee-ba30-1579ce1a1649	fe99ef06-43a9-4f4c-b447-2059bfb00471.rna_seq.star_splice_junctions.tsv.gz	0	0	0	0	0	0	8	3	0	1	24	0	0	0	0	0	0	0	0	0	35	0	0	0	0	0	0	0	0	0	0	0	0	30	0	0	0	0	2	0	0	0	0	0	25	12	0	0	0	0	0	0	0	0	0	0	0	0	0	0	0	0	0	0	0	1	0	1	30	0	0	31	0	0	0	0	0	0	0	0	0	0	25	0	0	0	0	0	0	0	0	1	0	0	1	29	0	0	0	0	0	0	0	0
39	TCGA-AB-3002-03A	TCGA-AB-3002	ad83599e-4c22-4253-996a-a1a3737c140c	d088826c-75e0-49ac-adfa-8f5d9ce1905d.rna_seq.genomic.gdc_realn.bam	981c6a6f-86f7-4b10-9bfa-41b053ad04f0	d088826c-75e0-49ac-adfa-8f5d9ce1905d.rna_seq.star_splice_junctions.tsv.gz	0	0	0	0	0	0	2	1	0	0	6	0	0	0	0	0	0	0	0	0	2	0	0	0	0	0	0	0	0	0	0	0	0	4	0	0	0	0	0	0	0	0	0	0	0	2	0	0	0	0	0	0	0	0	0	0	0	0	0	0	0	0	0	0	0	0	0	0	1	0	0	1	0	0	0	0	0	0	0	0	0	0	4	0	0	0	0	0	0	0	0	0	0	0	0	1	0	0	0	0	0	0	0	0
40	TCGA-AB-2910-03A	TCGA-AB-2910	44f08807-b68e-4c00-a01a-c32be7dce660	ebbf5927-f3df-487a-8836-a98a328f0c75.rna_seq.genomic.gdc_realn.bam	ebe00224-38b6-4b87-9c9e-a282d2e5945f	ebbf5927-f3df-487a-8836-a98a328f0c75.rna_seq.star_splice_junctions.tsv.gz	0	0	0	0	0	0	0	0	0	0	0	0	0	0	0	0	0	0	0	0	0	0	0	0	0	0	0	0	0	0	0	0	0	0	0	0	0	0	0	0	0	0	0	0	0	0	0	0	0	0	0	0	0	0	0	0	0	0	0	0	0	0	0	0	0	0	0	0	0	0	0	0	0	0	0	0	0	0	0	0	0	0	0	0	0	0	0	0	0	0	0	0	0	0	0	0	0	0	0	0	0	0	0	0
41	TCGA-AB-2988-03B	TCGA-AB-2988	e93debd8-fa5a-4815-bea6-f08e43a02b3c	04c92aad-6303-40d0-b6b9-a89248083cc0.rna_seq.genomic.gdc_realn.bam	2b6beb05-da68-4182-87f6-74da5597a8dd	04c92aad-6303-40d0-b6b9-a89248083cc0.rna_seq.star_splice_junctions.tsv.gz	0	0	0	0	0	0	13	6	0	0	56	0	0	0	0	0	0	0	0	0	53	0	0	0	0	0	0	0	0	0	0	1	0	33	0	0	0	1	0	0	0	0	0	0	44	10	0	0	0	0	0	0	0	1	0	0	0	0	0	0	0	0	0	0	0	0	0	0	26	0	0	35	0	0	0	0	0	0	0	0	0	0	34	0	0	0	0	0	0	1	0	2	0	1	0	31	0	0	0	0	0	0	0	0
42	TCGA-AB-2937-03A	TCGA-AB-2937	7475938f-dded-4513-b8c3-56e67c4352e3	0adbff85-beb1-4ff4-8aa4-a4e5100f7e5d.rna_seq.genomic.gdc_realn.bam	06ff2225-ef7f-4255-a830-1fef42fd7459	0adbff85-beb1-4ff4-8aa4-a4e5100f7e5d.rna_seq.star_splice_junctions.tsv.gz	0	0	0	0	0	0	2	1	0	0	4	0	0	0	0	0	0	0	0	0	1	0	0	0	0	0	0	0	0	0	0	0	0	4	0	0	0	0	0	0	0	0	0	0	6	2	0	0	0	0	0	0	0	0	0	0	0	0	0	0	0	0	0	0	0	0	0	0	6	0	0	7	0	0	0	0	0	0	0	0	0	0	5	0	0	0	0	0	0	0	0	0	0	0	0	2	0	0	0	0	0	0	0	0
43	TCGA-AB-2877-03A	TCGA-AB-2877	db7dcd11-7a7c-4f4b-9ea0-035e31f8ae65	1a707fa6-e9aa-4d1d-8c97-a18f368a741e.rna_seq.genomic.gdc_realn.bam	df0502e9-9896-4595-8bbd-9fe551909c55	1a707fa6-e9aa-4d1d-8c97-a18f368a741e.rna_seq.star_splice_junctions.tsv.gz	0	0	0	0	0	0	33	13	0	0	45	0	0	0	0	0	0	0	0	0	55	0	0	1	0	0	0	0	0	0	0	0	0	31	0	1	0	0	0	0	0	0	0	0	38	11	0	0	0	0	0	0	0	0	0	0	0	0	0	0	0	0	0	0	0	0	0	2	18	0	0	41	0	0	0	0	0	0	0	0	0	0	22	0	0	0	0	0	0	0	0	0	0	0	1	29	0	0	0	0	0	0	0	0
44	TCGA-AB-2872-03A	TCGA-AB-2872	f16fa947-821a-463f-8b6c-1eef482efee1	ec79ad9f-dac4-49c6-8794-5168fb8fabf8.rna_seq.genomic.gdc_realn.bam	f2536181-e738-4aa7-b348-09121f0cef05	ec79ad9f-dac4-49c6-8794-5168fb8fabf8.rna_seq.star_splice_junctions.tsv.gz	0	0	0	0	0	0	3	1	0	0	2	0	0	0	0	0	0	0	0	0	0	0	0	0	0	0	0	0	0	0	0	0	0	3	0	0	0	0	0	0	0	0	0	0	4	1	0	0	0	0	0	0	0	0	0	0	0	0	0	0	0	0	0	0	0	0	0	0	4	0	0	5	0	0	0	0	0	0	0	0	0	0	4	0	0	0	2	0	0	0	0	0	0	0	0	2	0	0	0	0	0	0	0	0
45	TCGA-AB-2836-03A	TCGA-AB-2836	5ad51ec1-3bcf-445b-8a21-2908c818bdbe	3ba4c060-0ce6-4236-af52-8de55a0460e0.rna_seq.genomic.gdc_realn.bam	a47b3f9f-d45e-451d-8079-f74237e59705	3ba4c060-0ce6-4236-af52-8de55a0460e0.rna_seq.star_splice_junctions.tsv.gz	0	0	0	0	0	0	7	3	0	0	12	0	0	0	0	0	0	0	0	0	14	1	0	0	0	0	0	0	0	0	0	0	0	10	0	0	0	0	0	0	0	0	0	0	6	5	0	0	0	0	0	0	0	0	0	0	0	0	0	0	0	0	0	0	0	0	0	0	9	0	0	7	0	0	0	0	0	0	0	0	0	0	20	0	0	0	0	0	0	0	0	2	0	0	0	13	0	0	0	0	0	0	0	0
46	TCGA-AB-2847-03A	TCGA-AB-2847	e3c3dc41-e76e-4d16-907d-3ddd79a4a442	0ca7ca0e-1237-420d-9ddf-5565656616ed.rna_seq.genomic.gdc_realn.bam	24760c38-defc-447b-a4c2-c19322d8a321	0ca7ca0e-1237-420d-9ddf-5565656616ed.rna_seq.star_splice_junctions.tsv.gz	0	0	0	0	0	0	1	0	0	0	2	0	0	0	0	0	0	0	0	0	1	0	0	0	0	0	0	0	0	0	0	0	0	1	0	0	0	0	0	0	0	0	0	0	0	1	0	0	0	0	0	0	0	0	0	0	0	0	0	0	0	0	0	0	0	0	0	0	0	0	0	1	0	0	0	0	0	0	0	0	0	0	0	0	0	0	0	0	0	0	0	0	0	0	0	1	0	0	0	0	0	0	0	0
47	TCGA-AB-2996-03A	TCGA-AB-2996	2e49db7c-8af5-4200-be00-b0727bd5b775	8ade19dd-c274-427a-92b0-166aafa36137.rna_seq.genomic.gdc_realn.bam	4f2956c0-ec79-46ad-96de-54f8c62ddad3	8ade19dd-c274-427a-92b0-166aafa36137.rna_seq.star_splice_junctions.tsv.gz	0	0	0	0	0	0	3	3	0	0	12	0	0	0	0	0	0	0	0	0	17	0	0	1	0	0	0	0	0	0	0	0	0	7	0	0	0	0	0	1	0	0	0	0	11	6	0	0	0	0	0	0	0	0	0	0	0	0	0	0	0	0	0	0	0	0	0	0	11	0	0	9	0	0	0	0	0	0	0	0	0	0	10	0	0	0	0	0	0	0	0	0	0	0	0	8	0	0	0	0	0	0	0	0
48	TCGA-AB-2943-03A	TCGA-AB-2943	16e0df28-0df9-4ae8-ba57-b88dca424bc5	4ba32010-a5fc-4c0c-b10e-264c41bfdde1.rna_seq.genomic.gdc_realn.bam	15ec5791-ce10-48fb-9219-6a86755c06b8	4ba32010-a5fc-4c0c-b10e-264c41bfdde1.rna_seq.star_splice_junctions.tsv.gz	0	0	0	0	0	0	11	14	0	0	26	0	0	0	0	0	0	0	0	0	29	0	0	0	0	0	0	0	0	0	0	0	0	24	0	0	0	0	0	0	0	0	0	1	21	7	0	0	0	0	0	0	0	0	0	0	0	0	0	0	0	0	0	0	0	0	0	0	18	0	0	18	0	0	0	0	0	0	0	0	0	0	24	0	0	0	0	0	0	0	0	1	0	2	0	12	0	0	0	0	0	0	0	0
49	TCGA-AB-2999-03B	TCGA-AB-2999	b5725d65-e617-458c-a8b5-d2b8aace5730	464fdce3-d47b-4e41-89ba-730572a7ce51.rna_seq.genomic.gdc_realn.bam	19036b9d-b4ad-483c-911a-eac93525c31b	464fdce3-d47b-4e41-89ba-730572a7ce51.rna_seq.star_splice_junctions.tsv.gz	0	0	0	0	0	0	26	9	0	0	51	0	0	0	0	0	0	0	0	0	51	0	0	0	0	0	0	0	0	0	0	0	3	26	0	0	0	0	0	0	0	0	0	0	34	9	0	0	0	0	0	0	0	0	0	0	0	0	0	0	0	0	0	0	0	0	0	0	25	0	0	34	0	0	0	0	0	0	0	0	0	0	21	0	0	3	0	0	0	0	0	0	0	0	0	26	0	0	0	0	0	0	0	0
50	TCGA-AB-3001-03A	TCGA-AB-3001	c19629d9-6db9-461e-8d9b-67a68875cf23	0004b04e-dd84-4440-8290-b141c7ff1577.rna_seq.genomic.gdc_realn.bam	2c7fa8d7-11b4-4605-b06d-b046b56c2bea	0004b04e-dd84-4440-8290-b141c7ff1577.rna_seq.star_splice_junctions.tsv.gz	0	0	0	0	0	0	22	7	0	0	49	0	0	0	0	0	0	0	0	0	54	0	0	2	0	0	0	0	0	0	0	0	2	41	0	0	0	0	0	0	0	0	0	1	33	8	0	0	0	0	0	0	0	0	0	0	0	0	0	0	0	0	0	0	1	0	0	0	32	0	0	38	0	0	0	0	0	0	0	0	0	0	33	2	0	0	0	1	1	0	0	3	0	0	0	26	0	0	0	0	0	0	0	0
51	TCGA-AB-2856-03A	TCGA-AB-2856	bda1ff23-b5c5-42ed-9458-9514d31e040a	8a2ea24c-bfc6-4312-af23-3cb33d6dc5cf.rna_seq.genomic.gdc_realn.bam	36b9a777-9988-4167-8d51-067457f1ecea	8a2ea24c-bfc6-4312-af23-3cb33d6dc5cf.rna_seq.star_splice_junctions.tsv.gz	0	0	0	0	0	0	8	6	0	0	14	0	0	0	0	0	0	0	0	0	16	0	0	0	0	0	0	0	0	0	0	0	0	12	0	0	0	0	0	0	0	0	0	0	12	2	0	0	0	0	0	0	0	0	0	0	0	0	0	0	0	0	0	0	0	0	0	1	6	0	0	9	0	0	0	0	0	0	0	0	0	0	9	0	0	0	0	0	0	0	0	2	0	0	0	8	0	0	0	0	0	0	0	0
52	TCGA-AB-2874-03A	TCGA-AB-2874	0bc5c48c-9005-45e3-a527-94f67bed8bab	3a22f5be-2944-4f55-bf1a-82847fb9c780.rna_seq.genomic.gdc_realn.bam	48dd4187-9752-484d-80f4-0c384c793137	3a22f5be-2944-4f55-bf1a-82847fb9c780.rna_seq.star_splice_junctions.tsv.gz	0	0	0	0	0	0	5	7	0	0	21	0	0	0	0	0	0	0	0	2	25	0	0	0	0	0	0	0	0	0	0	0	0	36	0	0	0	0	0	0	0	0	0	0	17	11	0	0	0	0	0	0	0	0	0	0	0	0	0	0	0	0	0	0	0	0	0	0	19	0	0	24	0	0	0	0	0	0	0	0	0	0	21	0	0	0	0	0	0	0	0	1	0	0	0	29	0	0	0	0	0	0	0	0
53	TCGA-AB-2861-03A	TCGA-AB-2861	d83b7e81-41b3-4046-8217-3968865c175c	9f3c0f5e-0587-48de-a349-ec0ca7c6a2a9.rna_seq.genomic.gdc_realn.bam	124aabc5-891d-4aa2-abe9-b339cd62db46	9f3c0f5e-0587-48de-a349-ec0ca7c6a2a9.rna_seq.star_splice_junctions.tsv.gz	0	0	0	0	0	0	1	0	0	0	0	0	0	0	0	0	0	0	0	0	0	0	0	0	0	0	0	0	0	0	0	0	0	0	0	0	0	0	0	0	0	0	0	0	0	0	0	0	0	0	0	0	0	0	0	0	0	0	0	0	0	0	0	0	0	0	0	0	0	0	0	0	0	0	0	0	0	0	0	0	0	0	0	0	0	0	0	0	0	0	0	0	0	0	0	0	0	0	0	0	0	0	0	0
54	TCGA-AB-2858-03A	TCGA-AB-2858	f0a0afab-17ec-4341-bff4-4bdd2a355f7f	37d601b9-00ab-4d5f-8478-c1d3896e97a5.rna_seq.genomic.gdc_realn.bam	21fa746f-816a-4d94-868a-7393106fa5be	37d601b9-00ab-4d5f-8478-c1d3896e97a5.rna_seq.star_splice_junctions.tsv.gz	0	0	0	0	0	0	2	2	0	0	5	0	0	0	0	0	0	0	0	0	3	0	0	0	0	0	0	0	0	0	0	0	0	2	0	0	0	0	0	0	0	0	0	0	3	0	0	0	0	0	0	0	0	0	0	0	0	0	0	0	0	0	0	0	0	0	0	0	1	0	0	1	0	0	0	0	0	0	0	0	0	0	3	0	0	0	0	0	0	0	0	0	0	0	0	2	0	0	0	0	0	0	0	0
55	TCGA-AB-2813-03A	TCGA-AB-2813	e99ed417-6ebc-41e3-8af6-9efcc4ad2276	dbeff8bb-8f5f-48a0-81a6-b76864f502a7.rna_seq.genomic.gdc_realn.bam	2f9c2277-e353-417b-be93-f7890bda34ba	dbeff8bb-8f5f-48a0-81a6-b76864f502a7.rna_seq.star_splice_junctions.tsv.gz	0	0	0	0	0	0	0	0	0	0	0	0	0	0	0	0	0	0	0	0	0	0	0	0	0	0	0	0	0	0	0	0	0	0	0	0	0	0	0	0	0	0	0	0	0	0	0	0	0	0	0	0	0	0	0	0	0	0	0	0	0	0	0	0	0	0	0	0	0	0	0	0	0	0	0	0	0	0	0	0	0	0	0	0	0	0	0	0	0	0	0	0	0	0	0	0	0	0	0	0	0	0	0	0
56	TCGA-AB-2878-03A	TCGA-AB-2878	3a0407bd-f8f9-4178-9965-75079d098f97	474f95bb-55a4-4738-ba90-ae40dbcac5ce.rna_seq.genomic.gdc_realn.bam	7b8e2aa8-5414-49af-bdcc-6132bc6b7d04	474f95bb-55a4-4738-ba90-ae40dbcac5ce.rna_seq.star_splice_junctions.tsv.gz	0	0	0	0	0	0	13	4	0	0	18	0	0	0	0	0	0	0	0	0	24	0	0	0	0	0	0	0	0	0	0	0	0	11	0	0	0	0	0	0	0	0	0	0	7	6	0	0	0	0	0	0	0	0	0	0	0	0	0	0	0	0	0	0	0	0	0	3	5	0	0	8	0	0	0	0	0	0	0	0	0	0	7	0	0	0	0	0	0	0	0	1	0	0	1	4	0	0	0	0	0	0	0	0
57	TCGA-AB-2942-03A	TCGA-AB-2942	89908798-9f42-4946-be41-87a7929b6666	b070e6b2-6fe3-4242-a1bf-4e842af20c44.rna_seq.genomic.gdc_realn.bam	86a30e56-c24f-4531-b11c-6821ae371d53	b070e6b2-6fe3-4242-a1bf-4e842af20c44.rna_seq.star_splice_junctions.tsv.gz	2	0	0	0	0	0	3	3	0	0	11	0	0	0	0	0	0	0	0	0	9	0	0	0	0	0	0	0	0	0	0	0	0	16	0	0	1	0	0	0	0	0	0	0	12	9	0	0	0	0	0	0	0	0	0	0	0	0	0	0	0	0	0	0	0	0	0	1	8	0	0	24	0	0	0	0	0	0	0	0	0	0	7	0	0	0	0	0	0	0	0	0	0	0	0	9	0	0	0	0	3	0	0	0
58	TCGA-AB-2908-03A	TCGA-AB-2908	0b4074da-1203-4a91-8196-e2ad9460155f	62ff72b1-f933-487d-9177-7ea8177c48e6.rna_seq.genomic.gdc_realn.bam	29e0d7ec-f478-4f94-9459-776533f6fac2	62ff72b1-f933-487d-9177-7ea8177c48e6.rna_seq.star_splice_junctions.tsv.gz	0	0	0	0	0	0	5	2	0	0	11	0	0	0	0	0	0	0	0	0	11	0	0	0	0	0	0	0	0	0	0	0	0	13	0	0	0	0	0	0	0	0	0	0	7	1	0	0	0	0	0	0	0	0	0	0	0	0	0	0	0	0	0	0	0	0	0	0	5	0	0	6	0	0	0	0	0	0	0	0	0	0	18	0	0	0	0	0	0	0	0	1	0	0	0	6	0	0	0	0	0	0	0	0
59	TCGA-AB-2930-03A	TCGA-AB-2930	e35fb5b2-7b89-41fe-8a01-ae8012d1e218	c896b4db-0d67-4ed8-b4d0-bf93b2eb5745.rna_seq.genomic.gdc_realn.bam	4332f93a-04f9-4649-a573-5fdabadaac09	c896b4db-0d67-4ed8-b4d0-bf93b2eb5745.rna_seq.star_splice_junctions.tsv.gz	0	0	0	0	0	0	20	7	0	0	26	0	0	0	0	0	0	0	0	0	33	0	0	0	0	0	0	0	0	0	0	0	0	17	0	0	0	0	0	0	0	0	0	0	22	7	0	0	0	0	0	0	0	0	0	0	0	0	0	0	0	0	0	0	0	0	0	3	14	0	0	27	0	0	0	0	0	0	0	0	0	0	30	0	0	0	0	0	1	0	0	0	0	0	2	21	0	0	0	0	0	0	0	0
60	TCGA-AB-2891-03A	TCGA-AB-2891	e73ea261-0449-4634-aafa-b4b498cc1e11	10da15fc-0876-45e2-8493-a45d6df69683.rna_seq.genomic.gdc_realn.bam	2f3ed639-ce7b-4b62-aa28-b87800f92ca3	10da15fc-0876-45e2-8493-a45d6df69683.rna_seq.star_splice_junctions.tsv.gz	0	0	0	0	0	0	0	0	0	0	0	0	0	0	0	0	0	0	0	0	1	0	0	0	0	0	0	0	0	0	0	0	0	2	0	0	0	0	0	0	0	0	0	0	1	1	0	0	0	0	0	0	0	0	0	0	0	0	0	0	0	0	0	0	0	0	0	0	0	0	0	1	0	0	0	0	0	0	0	0	0	0	0	0	0	0	0	0	0	0	0	0	0	0	0	1	0	0	0	0	0	0	0	0
61	TCGA-AB-2851-03A	TCGA-AB-2851	07d51e69-5671-45ba-b3c2-ba5a3a9a3a94	6756d9de-6c5c-470e-968e-a0e519161120.rna_seq.genomic.gdc_realn.bam	3d3bd7e8-5a3b-48fa-ac2d-6046050fb1c2	6756d9de-6c5c-470e-968e-a0e519161120.rna_seq.star_splice_junctions.tsv.gz	0	0	0	0	0	0	3	1	0	0	18	0	0	0	0	0	0	0	0	0	24	0	0	0	0	0	0	0	0	0	0	2	0	11	0	0	0	0	0	0	0	0	0	0	7	1	0	0	0	0	1	0	0	0	0	0	0	0	0	0	0	0	0	0	0	0	0	0	11	0	0	15	0	0	0	0	0	0	0	0	0	0	11	0	0	1	0	0	0	0	0	0	0	0	0	11	0	0	0	0	0	0	0	0
62	TCGA-AB-2811-03B	TCGA-AB-2811	240642fd-7a2e-49b5-97d0-04fc49cc44ba	7533907b-fffd-4783-ab37-89fc1bfd68a5.rna_seq.genomic.gdc_realn.bam	d5ba5f54-d2db-4f9c-95a9-0d7bed64e8bd	7533907b-fffd-4783-ab37-89fc1bfd68a5.rna_seq.star_splice_junctions.tsv.gz	0	0	0	0	0	0	18	5	0	0	24	0	0	0	0	0	0	0	0	0	22	0	0	0	0	0	0	0	0	0	0	2	5	7	0	1	0	0	0	0	0	3	0	0	10	0	0	0	0	2	0	0	0	0	0	0	0	0	0	0	0	0	0	0	0	0	0	4	13	0	0	10	0	0	0	0	0	0	0	0	0	0	15	0	0	0	0	0	0	0	0	0	0	0	0	13	0	0	0	0	0	0	0	0
63	TCGA-AB-2876-03A	TCGA-AB-2876	335e7b26-97ca-463d-8c7f-98dc6922e7c1	706fdf0d-6464-46d6-84e7-4fe08bc1db75.rna_seq.genomic.gdc_realn.bam	89131e22-c92f-4329-94da-6388bf157960	706fdf0d-6464-46d6-84e7-4fe08bc1db75.rna_seq.star_splice_junctions.tsv.gz	0	0	0	0	0	0	3	1	0	0	9	0	0	0	0	0	0	0	0	0	11	0	0	0	0	0	0	0	0	0	0	0	0	6	0	0	0	0	0	0	0	0	0	0	5	2	0	0	0	0	0	0	0	0	0	0	0	0	0	0	0	0	0	0	0	0	0	0	2	0	0	0	0	0	0	0	0	0	0	0	0	0	4	0	0	0	0	0	0	0	0	0	0	0	0	1	0	0	0	0	0	0	0	0
64	TCGA-AB-2984-03A	TCGA-AB-2984	648669ce-7add-4496-9dde-e8955140987a	afb0cebb-4a3c-463d-89eb-8689653d7d89.rna_seq.genomic.gdc_realn.bam	6d5e5063-1efc-497f-81b4-0559ba58bc2e	afb0cebb-4a3c-463d-89eb-8689653d7d89.rna_seq.star_splice_junctions.tsv.gz	0	0	0	0	0	0	7	1	0	0	38	0	0	0	0	0	0	0	0	0	19	0	0	2	0	0	0	0	0	0	0	0	0	8	0	0	0	0	0	0	0	0	0	0	9	1	0	0	0	0	0	0	0	0	0	0	0	0	0	0	0	0	0	1	0	0	0	0	15	0	0	11	0	0	0	0	0	0	0	0	0	0	19	0	0	0	0	0	0	0	0	0	0	0	0	9	0	0	0	0	0	0	0	0
65	TCGA-AB-2914-03A	TCGA-AB-2914	86ef01a9-4b27-4e4c-935e-5a017436a71b	24125fc9-e366-49a0-a35f-004bfabd559b.rna_seq.genomic.gdc_realn.bam	c65b0ab2-ca53-437f-8e4b-2b109d62d71c	24125fc9-e366-49a0-a35f-004bfabd559b.rna_seq.star_splice_junctions.tsv.gz	0	0	0	0	0	0	11	3	0	1	30	0	0	0	0	0	0	0	0	0	20	0	0	1	0	0	0	0	0	0	0	0	0	14	0	0	0	0	0	0	0	0	0	0	15	9	0	0	0	0	0	0	0	0	0	0	0	0	0	0	0	0	0	0	0	0	0	0	20	0	0	26	0	0	0	0	0	0	0	0	0	0	24	0	0	0	0	0	0	0	0	0	0	0	0	23	0	0	0	0	0	0	0	0
66	TCGA-AB-2840-03A	TCGA-AB-2840	231d8047-606d-43e3-b486-6278691c6c66	0875b60c-0a69-475b-9010-6b47cac821c8.rna_seq.genomic.gdc_realn.bam	1409e089-c5d3-4e2f-8ca9-a05d3a3eb1fd	0875b60c-0a69-475b-9010-6b47cac821c8.rna_seq.star_splice_junctions.tsv.gz	0	0	0	0	0	0	5	4	0	0	20	0	0	0	0	0	0	0	0	0	24	0	0	0	0	0	0	0	0	0	0	0	0	9	0	0	0	0	0	0	0	0	0	0	18	7	0	0	0	0	0	0	0	0	0	0	0	0	0	0	0	0	0	0	0	0	0	0	13	0	0	36	0	0	0	0	0	0	0	0	0	0	28	0	0	0	0	0	0	0	0	3	0	0	0	36	0	0	0	0	0	0	0	0
67	TCGA-AB-2950-03A	TCGA-AB-2950	22f00e1c-5702-4f00-95b6-893234b03ed4	3d2f9eb3-d66f-4a3c-b800-4f327751ab11.rna_seq.genomic.gdc_realn.bam	d19d671b-211b-4abe-b2c2-1c42060ba390	3d2f9eb3-d66f-4a3c-b800-4f327751ab11.rna_seq.star_splice_junctions.tsv.gz	0	0	0	0	0	0	1	3	0	0	4	0	0	0	0	0	0	0	0	0	5	0	0	0	0	0	0	0	0	0	0	0	0	5	0	0	0	0	0	0	0	0	0	0	6	1	0	0	0	0	0	0	0	0	0	0	0	0	0	0	0	0	0	0	0	0	0	0	6	0	0	6	0	0	0	0	0	0	0	0	0	0	4	0	0	0	0	0	0	0	0	0	0	0	0	8	0	0	0	0	0	0	0	0
68	TCGA-AB-2894-03A	TCGA-AB-2894	064348c3-15d6-4ecc-be1e-edab67a3f600	9840ee71-e5a4-4e47-ba65-62ceb978783c.rna_seq.genomic.gdc_realn.bam	6c48aafa-fcc8-46ee-b5f3-c9243a91e462	9840ee71-e5a4-4e47-ba65-62ceb978783c.rna_seq.star_splice_junctions.tsv.gz	0	0	0	0	0	0	0	0	0	0	2	0	0	0	0	0	0	0	0	0	2	0	0	0	0	0	0	0	0	0	0	0	0	0	0	0	0	0	0	0	0	0	0	0	0	0	0	0	0	0	0	0	0	0	0	0	0	0	0	0	0	0	0	0	0	0	0	0	0	0	0	0	0	0	0	0	0	0	0	0	0	0	0	0	0	0	0	0	0	0	0	0	0	0	0	0	0	0	0	0	0	0	0	0
69	TCGA-AB-2810-03A	TCGA-AB-2810	893a9396-f92f-45fd-9e1d-01d6b30c6398	a9b58404-bd8e-4ac9-b8e3-f4956893ce02.rna_seq.genomic.gdc_realn.bam	ab0977a6-dae1-45ac-ac95-3238247496f4	a9b58404-bd8e-4ac9-b8e3-f4956893ce02.rna_seq.star_splice_junctions.tsv.gz	0	0	0	0	0	0	5	2	0	0	12	0	0	0	0	0	0	0	0	0	14	0	0	0	0	0	0	0	0	0	0	0	0	5	0	0	0	0	0	0	0	0	0	0	8	3	0	0	0	0	0	0	0	0	0	0	0	0	0	0	0	0	0	0	0	0	0	0	6	0	0	8	0	0	0	0	0	0	0	0	0	0	11	0	0	0	0	0	0	0	0	0	0	0	0	17	0	0	0	0	0	0	0	0
70	TCGA-AB-2980-03A	TCGA-AB-2980	74b5bb22-bf84-4b30-9647-4a426a3df0bf	a3bdc1e6-4bc1-432b-a51e-139b54a41c57.rna_seq.genomic.gdc_realn.bam	56f68ab4-ab5c-4f13-ad2f-78f736f4a27a	a3bdc1e6-4bc1-432b-a51e-139b54a41c57.rna_seq.star_splice_junctions.tsv.gz	0	0	0	0	8	0	35	15	0	1	50	0	0	0	0	0	0	0	0	0	64	0	0	0	0	0	0	0	0	0	0	0	0	39	0	0	0	0	0	0	0	0	0	0	35	26	0	0	0	0	0	0	0	0	0	0	0	0	0	0	0	0	2	0	0	0	0	1	36	0	0	35	0	0	0	0	0	0	0	0	0	0	31	1	0	2	0	0	0	0	0	0	0	0	2	14	0	0	0	0	0	0	0	0
71	TCGA-AB-2888-03B	TCGA-AB-2888	17605c2a-68c7-4300-9c54-893f4738a8ee	e5c0dd1f-4499-4577-83d5-e5c967cede1d.rna_seq.genomic.gdc_realn.bam	751dd898-4372-4b6a-ab63-11d9c8ac04a5	e5c0dd1f-4499-4577-83d5-e5c967cede1d.rna_seq.star_splice_junctions.tsv.gz	0	0	0	0	0	0	2	1	0	0	3	0	0	0	0	0	0	0	0	0	1	0	0	0	0	0	0	0	0	0	0	0	0	3	0	0	0	0	0	0	0	0	0	0	0	0	0	0	0	0	0	0	0	0	0	0	0	0	0	0	0	0	0	0	0	0	0	0	0	0	0	0	0	0	0	0	0	0	0	0	0	0	0	0	0	0	0	1	0	0	0	0	0	0	0	0	0	0	0	0	0	0	0	0
72	TCGA-AB-3008-03A	TCGA-AB-3008	db9d0861-0800-4e66-b76e-b42d2706ee93	2133d4c0-0d35-4a45-bd16-d7c0f6dcfe6e.rna_seq.genomic.gdc_realn.bam	1ec88d6b-2f0e-4c29-bb6e-5bb4c55018c5	2133d4c0-0d35-4a45-bd16-d7c0f6dcfe6e.rna_seq.star_splice_junctions.tsv.gz	0	0	0	0	0	0	0	3	0	0	8	0	0	0	0	0	0	0	0	0	6	0	0	0	0	0	0	0	0	0	0	0	0	5	0	0	0	0	0	0	0	0	0	0	7	1	0	0	0	0	0	0	0	0	0	0	0	0	0	0	0	0	0	0	0	0	0	0	5	0	0	6	0	0	0	0	0	0	0	0	0	0	7	0	0	0	0	0	0	0	0	0	0	0	0	7	0	0	0	0	0	0	0	0
73	TCGA-AB-2886-03A	TCGA-AB-2886	e6c6ba7b-bcb7-4962-9c50-c45729b71995	50e70fc2-6c4a-4969-a851-750f80a3e029.rna_seq.genomic.gdc_realn.bam	a460cbde-9c70-4467-8bdd-68b9e1a9c717	50e70fc2-6c4a-4969-a851-750f80a3e029.rna_seq.star_splice_junctions.tsv.gz	0	0	0	0	0	0	13	5	0	0	27	0	0	0	0	0	0	0	0	0	22	0	0	0	0	0	0	0	0	0	0	0	0	24	0	0	0	0	0	0	0	0	0	0	23	10	0	0	0	0	0	0	0	0	0	0	0	0	0	0	0	0	0	0	0	0	0	0	8	0	0	27	0	0	0	0	0	0	0	0	0	0	24	0	0	0	0	0	0	0	0	0	0	0	0	23	1	0	0	0	0	0	0	0
74	TCGA-AB-2867-03A	TCGA-AB-2867	97a14aa7-c15d-4484-b231-1899b43216a9	cdc83302-e4d3-4b0d-b75d-a38edc5b5561.rna_seq.genomic.gdc_realn.bam	6831251a-36cf-41e8-831c-ae9b9fe3499a	cdc83302-e4d3-4b0d-b75d-a38edc5b5561.rna_seq.star_splice_junctions.tsv.gz	0	0	0	0	0	0	5	2	0	0	9	0	0	0	0	0	0	0	0	0	5	0	0	0	0	0	0	0	0	0	0	0	0	1	0	0	0	0	0	0	0	0	0	0	9	1	0	0	0	0	0	0	0	0	0	0	0	0	0	0	0	0	0	0	0	0	0	0	0	0	0	2	0	0	0	0	0	0	0	0	0	0	7	0	0	0	0	0	0	0	0	0	0	0	0	8	0	0	0	0	0	0	0	0
75	TCGA-AB-2896-03B	TCGA-AB-2896	e7fa4097-c8db-446c-a689-7f5eba4da918	becd6596-aac4-4dce-bc19-0f31b59e4729.rna_seq.genomic.gdc_realn.bam	8d95c219-73b4-4fbb-bee8-e5c3a5742d72	becd6596-aac4-4dce-bc19-0f31b59e4729.rna_seq.star_splice_junctions.tsv.gz	0	0	0	0	0	0	16	7	0	0	39	0	0	0	0	0	0	0	0	0	23	0	2	0	0	0	0	0	0	0	0	0	0	33	0	0	0	0	0	0	0	0	0	0	37	8	1	0	0	0	0	0	0	0	0	0	0	0	0	0	0	0	0	0	0	0	0	0	16	1	0	28	0	0	0	0	0	0	0	0	0	0	31	0	0	1	0	0	0	0	0	0	0	0	0	35	0	0	0	0	0	0	0	0
76	TCGA-AB-2841-03B	TCGA-AB-2841	f2d08a40-858e-46d3-94b3-a5793b2690b2	a7619f75-6497-43a1-95de-354af2e5c026.rna_seq.genomic.gdc_realn.bam	b58e632b-2e10-415b-9ff6-bcf2434092fc	a7619f75-6497-43a1-95de-354af2e5c026.rna_seq.star_splice_junctions.tsv.gz	0	0	0	0	0	0	17	8	0	0	45	0	0	0	0	0	0	0	0	0	49	0	0	1	0	0	0	0	0	0	0	3	0	37	0	0	0	0	0	0	0	0	0	0	34	16	0	0	0	0	0	0	0	0	0	0	0	0	0	0	0	0	0	0	0	0	0	0	20	0	0	51	0	0	0	0	0	0	0	0	0	0	40	0	0	0	0	2	0	0	0	4	1	1	2	30	0	0	0	0	0	0	0	0
77	TCGA-AB-3000-03A	TCGA-AB-3000	f2bb9c41-b0ca-4865-9b4a-9377fa14197b	7f29468d-6ddc-4f8d-bf13-fe33b8dc625c.rna_seq.genomic.gdc_realn.bam	2077e6bc-0886-4367-bf56-033eb0aa1ca5	7f29468d-6ddc-4f8d-bf13-fe33b8dc625c.rna_seq.star_splice_junctions.tsv.gz	0	0	0	0	0	0	2	2	0	0	4	0	0	0	0	0	0	0	1	0	6	0	0	0	0	0	0	0	0	1	0	0	0	4	0	0	0	0	0	0	0	0	0	0	1	1	0	0	0	0	0	0	0	0	0	0	0	0	0	0	0	0	0	0	0	0	0	0	1	0	0	1	0	0	0	0	0	0	0	0	0	0	1	0	0	0	0	0	0	0	0	0	0	0	0	0	0	0	0	0	0	0	0	0
78	TCGA-AB-2975-03A	TCGA-AB-2975	978e5a29-7058-4e20-8715-e14da08e8c2a	6f1d1f85-2616-475a-83c8-d4e4bda3b2e7.rna_seq.genomic.gdc_realn.bam	1cf92573-240a-4ae3-b388-8bedb1f82071	6f1d1f85-2616-475a-83c8-d4e4bda3b2e7.rna_seq.star_splice_junctions.tsv.gz	0	0	0	0	0	0	13	3	0	0	20	0	0	0	0	0	0	0	0	0	15	0	0	0	0	0	0	0	0	0	0	0	0	18	0	0	0	0	0	0	0	0	0	0	25	4	0	0	0	0	0	0	0	0	0	0	0	0	0	0	0	0	0	0	0	0	0	6	9	0	0	23	0	0	0	0	0	0	0	0	0	0	10	2	0	0	0	0	0	0	0	0	0	0	0	13	0	0	0	0	0	0	0	0
79	TCGA-AB-2940-03A	TCGA-AB-2940	5306c873-0af4-4bf2-ab12-52acca712c83	24fb0f49-d3c2-4072-ac1f-8d5b4af80a54.rna_seq.genomic.gdc_realn.bam	5a42cee1-bae2-454b-901d-934f669b6ed7	24fb0f49-d3c2-4072-ac1f-8d5b4af80a54.rna_seq.star_splice_junctions.tsv.gz	0	0	0	0	0	0	10	6	0	2	21	0	0	1	0	0	0	0	0	0	27	0	0	0	0	0	0	0	0	0	0	0	0	18	0	0	0	0	0	0	0	0	2	0	11	3	0	0	0	0	0	0	0	0	0	0	0	0	0	0	0	0	0	0	0	0	0	0	8	1	0	14	0	0	0	0	0	0	0	0	0	0	10	0	0	0	0	0	0	0	0	0	0	0	0	8	0	0	0	0	0	0	0	0
80	TCGA-AB-2819-03A	TCGA-AB-2819	33703629-aef1-4c8d-a720-982506dd89de	cc238245-5e80-461f-93a8-f1b3d4898bd3.rna_seq.genomic.gdc_realn.bam	8a5cc667-1f5e-4507-8952-1257a796990a	cc238245-5e80-461f-93a8-f1b3d4898bd3.rna_seq.star_splice_junctions.tsv.gz	0	0	0	0	0	0	10	3	0	0	5	0	0	1	0	0	0	0	0	0	14	0	0	0	0	0	0	0	0	0	0	0	0	11	0	0	0	0	0	0	0	0	0	0	9	11	0	0	0	0	0	0	0	0	0	0	0	0	0	0	0	0	0	0	0	0	0	0	16	0	0	22	0	0	0	0	0	0	0	0	0	0	20	0	0	0	0	0	0	0	0	0	0	0	0	7	0	0	1	0	0	0	0	0
81	TCGA-AB-2897-03A	TCGA-AB-2897	4bcfc14e-06a1-4a3d-8d67-e61ca4bb4c2a	b37c186c-021c-4a6e-b9ec-8b79d8e57f1e.rna_seq.genomic.gdc_realn.bam	cf244d38-d427-4efe-a018-38a0b51ae607	b37c186c-021c-4a6e-b9ec-8b79d8e57f1e.rna_seq.star_splice_junctions.tsv.gz	0	0	0	0	0	0	13	15	0	0	32	0	0	0	0	0	0	0	0	0	38	0	0	0	0	0	0	0	0	0	0	2	0	35	0	0	0	0	0	0	0	1	0	0	20	8	0	0	0	0	0	0	0	0	0	0	0	0	0	0	0	0	0	0	0	0	0	3	19	0	0	36	0	0	1	0	0	0	0	0	0	0	35	0	0	1	0	0	0	0	0	0	0	0	0	30	0	0	0	0	0	0	0	0
82	TCGA-AB-2830-03A	TCGA-AB-2830	e60d96eb-9395-4e43-a587-6376ae08289d	6eeb18f3-bab6-4788-978e-c114907f89a2.rna_seq.genomic.gdc_realn.bam	d9d26975-a506-469b-8be5-f34076088c61	6eeb18f3-bab6-4788-978e-c114907f89a2.rna_seq.star_splice_junctions.tsv.gz	0	0	0	0	0	0	14	8	0	2	41	0	0	0	0	0	0	0	0	0	35	0	0	0	0	0	0	0	0	0	0	1	0	29	0	0	0	0	0	0	0	0	0	0	42	11	0	0	0	0	0	0	0	0	0	0	0	0	0	0	0	0	0	0	0	0	0	0	23	0	0	47	0	0	0	0	0	0	0	0	0	0	51	0	0	0	0	0	0	0	1	3	0	0	4	38	0	0	0	0	0	0	0	0
83	TCGA-AB-2823-03A	TCGA-AB-2823	edbabec4-1b61-4433-9e85-ec8c00dd7f5d	757a1fee-14ba-4892-8d0a-5382c56d150f.rna_seq.genomic.gdc_realn.bam	a9d0b604-da60-44a6-88d1-b83db2d12dc3	757a1fee-14ba-4892-8d0a-5382c56d150f.rna_seq.star_splice_junctions.tsv.gz	0	0	0	0	0	0	25	15	0	0	62	0	0	1	0	0	0	0	0	0	78	0	0	0	0	0	0	0	0	0	0	0	0	49	0	0	0	0	0	0	0	0	0	0	55	25	0	0	0	0	0	0	0	0	0	0	0	0	0	0	0	0	0	0	0	0	0	0	36	0	0	50	0	0	0	0	0	0	0	0	0	0	48	0	0	0	0	0	0	0	0	6	1	0	4	56	0	0	0	0	0	0	0	0
84	TCGA-AB-2853-03A	TCGA-AB-2853	c6efe8e3-0354-42fa-ba68-3be5f99e49e1	11446d59-31e4-43da-9621-2632847e4723.rna_seq.genomic.gdc_realn.bam	c2221467-ead6-4439-95a3-4fdd6295b54a	11446d59-31e4-43da-9621-2632847e4723.rna_seq.star_splice_junctions.tsv.gz	0	0	0	0	0	0	4	7	0	0	35	0	0	0	0	0	0	0	0	0	36	0	0	2	0	0	0	0	0	0	0	0	0	21	0	0	0	0	0	0	0	0	0	0	16	1	0	0	0	0	0	0	0	0	0	0	0	0	0	0	0	0	0	0	0	0	0	1	15	0	1	15	0	0	0	0	0	0	0	0	0	0	7	0	0	0	0	0	0	0	0	1	0	0	0	7	0	0	0	0	0	0	0	0
85	TCGA-AB-2893-03A	TCGA-AB-2893	430a2d98-1fff-481b-8fed-b2a064519286	d4807f10-020e-4987-929c-1baba71eb138.rna_seq.genomic.gdc_realn.bam	8307aa3b-b6ea-488b-b1f6-3424cdb64baa	d4807f10-020e-4987-929c-1baba71eb138.rna_seq.star_splice_junctions.tsv.gz	0	0	0	0	0	0	0	0	0	0	0	0	0	0	0	0	0	0	0	0	4	0	0	0	0	0	0	0	0	0	0	0	0	1	0	0	0	0	0	0	0	0	0	0	0	0	0	0	0	0	0	0	0	0	0	0	0	0	0	0	0	0	0	0	0	0	0	0	1	0	0	1	0	0	0	0	0	0	0	0	0	0	1	0	0	0	0	0	0	0	0	0	0	0	0	0	0	0	0	0	0	0	0	0
86	TCGA-AB-2919-03A	TCGA-AB-2919	0719110a-1803-4675-920d-03c55de1f07c	09eab957-cc0c-4af4-bb42-03a7826165e4.rna_seq.genomic.gdc_realn.bam	5836e6c8-bf2d-4d75-b219-9c9f01bdd36c	09eab957-cc0c-4af4-bb42-03a7826165e4.rna_seq.star_splice_junctions.tsv.gz	0	0	0	0	0	0	32	19	0	0	85	0	0	0	0	0	0	0	0	0	75	0	0	1	0	0	0	0	0	0	0	0	0	70	0	0	0	0	0	0	0	1	0	0	74	18	0	0	0	0	0	0	0	0	0	0	0	0	0	0	0	0	0	0	0	0	0	0	58	0	0	66	0	0	0	0	0	0	0	0	0	0	83	0	0	0	0	0	0	0	0	4	0	0	0	74	0	0	0	0	0	0	0	1
87	TCGA-AB-2815-03A	TCGA-AB-2815	bd29854e-06d6-4263-82ed-cfbe423de187	1a807bd7-1542-4b10-9ea6-389ca12ebfeb.rna_seq.genomic.gdc_realn.bam	b8c9ef15-f14f-4b8c-a4d6-d4d13527b66c	1a807bd7-1542-4b10-9ea6-389ca12ebfeb.rna_seq.star_splice_junctions.tsv.gz	0	0	0	0	0	0	12	7	0	0	19	0	0	0	0	0	0	0	0	0	9	0	0	0	0	0	0	0	0	0	0	0	0	7	0	0	0	0	0	0	0	0	0	0	9	5	0	0	0	0	0	0	0	0	0	0	0	0	0	0	0	0	0	0	0	0	0	0	4	0	0	18	0	0	0	0	0	0	0	0	0	0	10	0	0	0	0	0	0	0	0	0	0	0	0	6	0	0	0	0	0	0	0	0
88	TCGA-AB-2898-03A	TCGA-AB-2898	2f8f097f-24bc-438a-8db5-388ff3766691	d5bc6ebe-f611-4a24-a2db-94cfc5390bc8.rna_seq.genomic.gdc_realn.bam	8b577d26-490b-4826-b013-4dc1d728a65a	d5bc6ebe-f611-4a24-a2db-94cfc5390bc8.rna_seq.star_splice_junctions.tsv.gz	0	0	0	0	0	0	3	1	0	0	7	0	0	1	0	0	0	0	0	0	8	0	0	0	0	0	0	0	0	0	0	0	0	9	0	0	0	0	0	0	0	0	0	0	8	0	0	0	0	0	0	0	0	0	0	0	0	0	0	0	0	0	0	0	0	0	0	0	7	0	0	8	0	0	0	0	0	0	0	0	0	0	8	0	0	0	0	0	0	0	0	0	0	0	0	6	0	0	0	0	0	0	0	0
89	TCGA-AB-2966-03A	TCGA-AB-2966	8d3e5f86-cd21-4d5c-86a0-dfc8a44c7bf5	6078ce1b-f442-45cc-9e0a-1c324964e760.rna_seq.genomic.gdc_realn.bam	d6f9f376-d51c-4ee7-9de6-0c41bfcee67b	6078ce1b-f442-45cc-9e0a-1c324964e760.rna_seq.star_splice_junctions.tsv.gz	0	0	0	0	0	0	4	1	0	0	4	0	0	0	0	0	0	0	0	0	1	0	0	0	0	0	0	0	0	0	0	0	0	3	0	0	0	0	0	0	0	0	0	0	7	0	0	0	0	0	0	0	0	0	0	0	0	0	0	0	0	0	0	0	0	0	0	0	0	0	5	3	2	0	0	0	0	0	0	0	0	0	0	0	0	0	0	0	0	0	0	0	0	0	0	0	0	0	0	0	0	0	0	0
90	TCGA-AB-2973-03A	TCGA-AB-2973	5940997b-fb11-42b1-93b9-78a92cc6446c	6b5cd2bd-d52a-40f9-a385-45c03e6f0f1e.rna_seq.genomic.gdc_realn.bam	dcb6b708-a969-487c-803c-0c2339146bac	6b5cd2bd-d52a-40f9-a385-45c03e6f0f1e.rna_seq.star_splice_junctions.tsv.gz	0	0	0	0	0	0	3	3	0	0	0	0	0	0	0	0	0	0	0	0	0	0	0	0	0	0	0	0	0	0	0	0	0	0	0	0	0	0	0	0	0	0	0	0	0	1	0	0	0	0	0	0	0	0	0	0	0	0	0	0	0	0	0	0	0	0	0	0	0	0	0	0	0	0	0	0	0	0	0	0	0	0	1	0	0	0	0	0	0	0	0	0	0	0	0	0	0	0	0	0	0	0	0	0
91	TCGA-AB-2949-03B	TCGA-AB-2949	f6269688-82e1-4d74-a031-59f78f86186b	156bb00b-2a98-4356-833a-702489061896.rna_seq.genomic.gdc_realn.bam	fef11156-e5cf-4fd0-9fb8-570a2acca3ce	156bb00b-2a98-4356-833a-702489061896.rna_seq.star_splice_junctions.tsv.gz	0	0	0	0	0	0	4	5	0	0	15	0	1	0	0	0	0	0	0	1	18	0	0	0	0	0	0	0	0	0	0	0	0	10	0	0	0	0	0	0	0	0	0	0	10	6	0	0	0	0	0	0	0	0	0	0	0	0	0	0	0	0	0	0	0	0	0	0	11	0	0	13	0	0	0	0	0	1	0	0	0	0	13	0	0	0	0	0	0	0	0	0	0	0	0	5	0	0	0	0	0	0	0	0
92	TCGA-AB-2845-03B	TCGA-AB-2845	91a4c715-7d43-4fb8-9558-c398c44e25e7	5c9c6f69-0ffd-438a-8746-ea7146ae9c7d.rna_seq.genomic.gdc_realn.bam	1cd12293-8878-446a-b939-93b492362854	5c9c6f69-0ffd-438a-8746-ea7146ae9c7d.rna_seq.star_splice_junctions.tsv.gz	0	0	0	0	0	0	2	5	0	0	13	0	0	0	1	0	0	0	0	0	12	0	0	0	0	0	0	0	0	0	0	0	0	10	0	0	0	0	0	0	0	0	0	0	7	2	0	0	1	0	0	0	0	0	0	0	0	0	0	0	0	0	0	0	0	0	0	0	5	0	0	9	0	0	0	0	0	0	0	0	0	0	8	0	0	0	0	0	0	0	0	0	0	0	0	6	0	0	0	0	0	0	0	0
93	TCGA-AB-2994-03A	TCGA-AB-2994	d23760fa-0675-4248-aae5-d4357d5362d4	e8c09e84-2805-4e58-bcb4-b865e30a5784.rna_seq.genomic.gdc_realn.bam	c2770ca5-b754-4445-8abe-03606a66a2b0	e8c09e84-2805-4e58-bcb4-b865e30a5784.rna_seq.star_splice_junctions.tsv.gz	0	0	0	0	0	1	18	8	0	0	45	0	0	0	0	0	0	0	0	0	51	0	0	1	0	0	0	0	0	0	0	0	2	30	0	0	0	0	0	0	0	0	0	0	29	24	0	0	0	0	0	0	0	0	1	0	0	0	0	0	0	0	0	0	0	0	0	1	24	0	0	48	0	0	0	0	0	0	0	0	0	0	61	1	0	0	0	0	0	0	0	2	0	0	0	40	0	0	0	0	0	0	0	0
94	TCGA-AB-2936-03A	TCGA-AB-2936	0df29c8e-02f8-4d90-ba44-03573bb8aa05	4e8eef4e-e58e-4a66-9bab-0d2f8a9764ca.rna_seq.genomic.gdc_realn.bam	2a627853-2b4d-45bf-afdf-ecd2f5923d74	4e8eef4e-e58e-4a66-9bab-0d2f8a9764ca.rna_seq.star_splice_junctions.tsv.gz	0	0	0	0	0	0	5	1	0	0	21	0	0	0	0	0	0	0	0	0	16	0	0	0	0	0	0	0	0	0	0	0	0	7	0	0	0	0	0	0	0	0	0	0	18	1	0	0	0	0	0	0	0	0	0	0	0	0	0	0	0	0	0	0	0	0	0	0	16	0	0	14	0	0	0	0	0	0	0	0	0	0	13	0	0	0	0	0	0	0	0	0	0	0	0	5	0	0	0	0	0	0	0	0
95	TCGA-AB-2998-03A	TCGA-AB-2998	d7e538d5-e6ac-4c54-82c1-b23d29e4cdb6	be0758da-7769-4d81-8a88-b86c8c7f0e53.rna_seq.genomic.gdc_realn.bam	1d227089-402d-43c0-b930-df96fef3421a	be0758da-7769-4d81-8a88-b86c8c7f0e53.rna_seq.star_splice_junctions.tsv.gz	0	1	0	0	0	0	15	6	0	0	33	0	0	1	0	0	0	0	0	0	39	0	0	0	0	0	0	0	0	0	0	0	0	31	0	0	0	0	0	0	0	0	0	0	34	17	0	0	0	0	0	0	0	0	0	0	0	0	0	0	0	0	0	0	0	0	0	0	19	0	0	42	0	0	0	0	0	0	0	0	0	0	36	1	0	0	0	0	0	0	0	2	1	0	0	26	0	0	0	0	0	0	0	0
96	TCGA-AB-2857-03A	TCGA-AB-2857	b0f7d506-bc32-4e4f-adf4-640a05e8f959	adc73ced-098f-49a4-b86a-5715804d094f.rna_seq.genomic.gdc_realn.bam	8450b328-f97d-4668-bdbb-c850a758f087	adc73ced-098f-49a4-b86a-5715804d094f.rna_seq.star_splice_junctions.tsv.gz	0	0	0	0	0	0	0	1	0	0	1	0	0	0	0	0	0	0	0	0	1	0	0	0	0	0	0	0	0	0	0	0	0	0	0	0	0	0	0	0	0	0	0	0	0	0	0	0	0	0	0	0	0	0	0	0	0	0	0	0	0	0	0	0	0	0	0	0	0	0	0	0	0	0	0	0	0	0	0	0	0	0	1	0	0	0	0	0	0	0	0	0	0	0	0	0	0	0	0	0	0	0	0	0
97	TCGA-AB-2981-03B	TCGA-AB-2981	acefdc61-8ea7-482e-aa9a-8336b63dea33	6d15fcd6-7c9b-4e29-9000-bdd5c4b5c197.rna_seq.genomic.gdc_realn.bam	4f213dca-2bc3-46cc-b496-3c1a7e558ba7	6d15fcd6-7c9b-4e29-9000-bdd5c4b5c197.rna_seq.star_splice_junctions.tsv.gz	0	0	0	0	0	0	4	1	0	0	4	0	0	0	0	0	0	0	0	0	3	0	0	0	0	0	0	0	0	0	0	0	0	4	0	0	0	0	0	0	0	0	0	0	1	3	0	0	0	0	0	0	0	0	0	0	0	0	0	0	0	0	0	0	0	0	0	2	3	0	0	6	0	0	0	0	0	0	0	0	0	0	7	0	0	0	0	0	0	0	0	0	0	0	0	10	0	0	0	0	0	0	0	0
98	TCGA-AB-2992-03A	TCGA-AB-2992	76dc8c6d-247d-425a-a382-29b10cc71114	38883af5-17c5-472e-8593-407ff2890829.rna_seq.genomic.gdc_realn.bam	991bd7ea-65b1-463f-b954-6e3d0ee2bf69	38883af5-17c5-472e-8593-407ff2890829.rna_seq.star_splice_junctions.tsv.gz	0	0	0	0	0	0	1	3	0	0	7	0	0	0	0	0	0	0	0	0	5	0	0	1	0	0	0	0	0	0	0	0	0	3	0	0	0	0	0	0	0	0	0	0	11	0	0	0	0	0	0	0	0	0	0	0	0	0	0	0	0	0	0	0	0	0	0	0	8	0	0	11	0	0	0	0	0	0	0	0	0	0	7	0	0	0	0	0	0	0	0	0	0	0	0	7	0	0	0	0	0	0	0	0
99	TCGA-AB-2934-03A	TCGA-AB-2934	6b6506d0-3a10-40f3-aca4-df222aa74f19	62a1e459-832a-40ff-8c6e-dd8b69b5eb9f.rna_seq.genomic.gdc_realn.bam	9e1aa3e0-4659-41ad-affc-820eb16279e7	62a1e459-832a-40ff-8c6e-dd8b69b5eb9f.rna_seq.star_splice_junctions.tsv.gz	0	0	0	0	0	0	0	0	0	0	5	0	0	0	0	0	0	0	0	0	6	0	0	0	0	0	0	0	0	0	0	1	0	0	0	0	0	0	0	0	0	0	0	0	2	0	0	0	0	0	0	0	0	0	0	0	0	0	0	0	0	0	0	0	0	0	0	0	0	0	0	1	0	0	0	0	0	0	0	0	0	0	1	0	0	0	0	0	0	0	0	0	0	0	0	0	0	0	0	0	0	0	0	0
100	TCGA-AB-2956-03A	TCGA-AB-2956	c2053724-a7c0-487c-8306-3ef915e65d32	cc22f07f-0ec2-4a0f-bdd3-c6750e2d7921.rna_seq.genomic.gdc_realn.bam	307b93ab-1f65-46e2-bb6b-42a01be1b7ec	cc22f07f-0ec2-4a0f-bdd3-c6750e2d7921.rna_seq.star_splice_junctions.tsv.gz	0	0	0	0	0	0	3	4	0	0	8	0	0	0	0	0	0	0	0	0	10	0	0	0	0	0	0	0	0	0	0	0	0	12	0	0	0	0	0	0	0	0	0	0	7	1	0	1	0	0	0	0	0	0	0	0	0	0	0	0	0	0	0	0	0	0	0	0	9	0	0	13	0	0	0	0	0	0	0	0	0	0	13	0	0	0	0	0	0	0	0	1	0	0	0	9	0	0	0	0	0	0	0	0
101	TCGA-AB-2849-03A	TCGA-AB-2849	c5aeca3a-4ec4-4de7-8152-92744823e898	4f6c57fe-94c5-436f-b3cd-9ba3fdc7b6df.rna_seq.genomic.gdc_realn.bam	31e964a4-591d-464b-a710-314c607173ec	4f6c57fe-94c5-436f-b3cd-9ba3fdc7b6df.rna_seq.star_splice_junctions.tsv.gz	0	0	0	0	0	0	3	3	0	0	16	0	0	0	0	0	0	0	0	0	16	0	0	1	0	0	0	0	0	0	0	0	0	5	0	0	0	0	0	0	0	0	0	0	13	1	0	0	0	0	0	0	0	0	0	0	0	0	0	0	0	1	0	0	0	0	0	0	11	0	0	8	0	0	0	0	0	0	0	0	0	0	10	0	0	0	0	0	0	0	0	0	0	0	0	6	1	0	0	0	0	0	0	0
102	TCGA-AB-2955-03A	TCGA-AB-2955	507cb632-8d80-4cf1-9bfb-d2a4d651f69f	34cc21d2-b813-4464-9028-1b9eea29a75c.rna_seq.genomic.gdc_realn.bam	2a8c3d83-3942-42b1-bae3-2406e3f59bfa	34cc21d2-b813-4464-9028-1b9eea29a75c.rna_seq.star_splice_junctions.tsv.gz	0	0	0	0	0	0	2	0	0	0	0	0	0	0	0	0	0	0	0	0	2	0	0	0	0	0	0	0	0	0	0	0	0	1	0	0	0	0	0	0	0	0	0	0	1	0	0	0	0	0	0	0	0	0	0	0	0	0	0	0	0	0	0	0	0	0	0	0	0	0	0	2	0	0	0	0	0	0	0	0	0	0	1	0	0	0	0	0	0	0	0	0	0	0	0	0	0	0	0	0	0	0	0	0
103	TCGA-AB-2825-03A	TCGA-AB-2825	2cd858e2-6233-416c-85a1-c8e936c0c201	653fc517-7979-484a-aa48-13a6439030d9.rna_seq.genomic.gdc_realn.bam	fcf25ec5-aa5b-4df7-a706-3566f993aa94	653fc517-7979-484a-aa48-13a6439030d9.rna_seq.star_splice_junctions.tsv.gz	0	0	0	0	0	0	0	0	0	0	1	0	0	0	0	0	0	0	0	0	1	0	0	0	0	0	0	0	0	0	0	0	0	1	0	0	0	0	0	0	0	0	0	0	1	0	0	0	0	0	0	0	0	0	0	0	0	0	0	0	0	0	0	0	0	0	0	0	0	0	0	1	0	0	0	0	0	0	0	0	0	0	4	0	0	0	0	0	0	0	0	0	0	0	0	1	0	0	0	0	0	0	0	0
104	TCGA-AB-2939-03A	TCGA-AB-2939	e3c566e6-a75e-4769-b6bd-24f2aa1ebb35	6bc61c9c-083e-48b5-84de-0d984d84aab8.rna_seq.genomic.gdc_realn.bam	cbc9524e-36dd-48fe-8c56-8e5543681276	6bc61c9c-083e-48b5-84de-0d984d84aab8.rna_seq.star_splice_junctions.tsv.gz	0	0	0	0	0	0	1	1	0	0	3	0	0	0	0	0	0	0	0	0	10	0	0	0	0	0	0	0	0	0	0	0	0	6	0	0	0	0	0	0	0	0	0	0	10	2	0	0	0	0	0	0	0	0	0	0	0	0	0	0	0	0	0	0	0	0	0	1	4	0	0	9	0	0	0	0	0	0	0	0	0	0	8	0	0	0	0	0	0	0	0	0	0	0	0	10	0	0	0	0	0	0	0	0
105	TCGA-AB-3009-03A	TCGA-AB-3009	0f00889b-3544-4747-a49b-f8b2cd82e577	09cd09a4-354f-4627-ba16-3d56fdc10532.rna_seq.genomic.gdc_realn.bam	2b3da1f1-4292-404b-9ea9-ab4585997d41	09cd09a4-354f-4627-ba16-3d56fdc10532.rna_seq.star_splice_junctions.tsv.gz	0	0	0	0	0	0	10	7	0	3	19	0	0	0	0	1	0	0	0	0	22	0	0	1	0	1	0	0	0	0	2	0	0	14	0	0	0	0	0	0	0	0	0	0	9	3	0	0	0	0	0	0	0	0	0	0	0	0	0	0	0	0	0	0	0	0	0	0	12	0	0	16	0	0	0	0	0	0	0	0	0	0	15	0	0	1	0	0	0	0	0	0	0	0	0	16	0	0	0	0	1	0	0	0
106	TCGA-AB-2839-03A	TCGA-AB-2839	175247a0-afb3-48b8-8039-cf5f6569aa3b	fe40a5f4-459f-488e-a496-1b19e1076a7f.rna_seq.genomic.gdc_realn.bam	e6d563c8-5b9d-49f6-a340-ad8ecdb588b6	fe40a5f4-459f-488e-a496-1b19e1076a7f.rna_seq.star_splice_junctions.tsv.gz	0	0	0	0	0	0	13	3	0	1	13	0	0	0	0	0	0	0	0	0	18	0	0	1	0	0	0	0	0	0	0	2	0	18	0	0	0	0	0	0	0	0	0	0	22	7	0	0	0	0	0	0	0	0	0	0	0	0	0	0	0	0	0	0	0	0	0	0	22	0	0	23	0	0	0	0	0	0	0	0	0	0	24	1	0	0	0	0	0	0	0	3	0	0	0	14	0	0	0	0	0	0	0	0
107	TCGA-AB-2921-03A	TCGA-AB-2921	cd8a5e40-c94a-400b-80ea-2802d3d06691	8c82eefa-6dff-49fc-b928-697d55ac9b27.rna_seq.genomic.gdc_realn.bam	747fc6e9-d01d-4115-809f-d8eb1b05c89a	8c82eefa-6dff-49fc-b928-697d55ac9b27.rna_seq.star_splice_junctions.tsv.gz	0	0	4	0	0	0	27	6	0	2	32	0	0	0	0	0	0	0	0	0	49	0	0	0	1	0	0	0	0	0	0	3	0	37	0	0	0	0	0	0	0	0	0	0	29	8	0	0	0	0	0	0	0	0	0	1	0	0	0	0	0	0	0	0	0	0	0	0	22	0	0	23	0	0	0	0	0	0	0	0	0	0	23	0	0	0	0	0	0	1	0	1	0	0	2	23	0	0	0	0	0	0	0	0
108	TCGA-AB-2979-03B	TCGA-AB-2979	a139b9f5-f885-4152-83f0-2d181ebe7d31	0a1e0800-d562-41e2-a422-2a28139dfc4a.rna_seq.genomic.gdc_realn.bam	2e38852b-ce66-4d31-ae0e-21abb796adc3	0a1e0800-d562-41e2-a422-2a28139dfc4a.rna_seq.star_splice_junctions.tsv.gz	0	0	0	0	0	0	12	9	0	1	20	0	0	0	0	0	0	0	0	5	17	0	0	0	0	0	0	0	0	0	0	0	0	0	0	0	0	0	0	0	0	1	0	0	0	0	0	0	0	0	0	0	0	0	0	0	0	0	0	0	0	0	0	0	0	0	0	0	0	0	0	0	0	0	0	0	0	0	0	0	0	0	3	0	0	0	0	0	0	0	0	0	0	0	0	3	0	0	0	0	0	0	0	0
109	TCGA-AB-2918-03A	TCGA-AB-2918	851cf6f3-264e-4685-bbc2-40278dffad1b	f39218c2-ec89-4534-bbea-a38ebd687852.rna_seq.genomic.gdc_realn.bam	b444da8e-b540-4781-a06d-a0dd523f3a5d	f39218c2-ec89-4534-bbea-a38ebd687852.rna_seq.star_splice_junctions.tsv.gz	0	0	0	0	0	0	12	13	0	2	31	0	0	0	0	0	0	0	0	0	32	0	0	0	0	0	0	0	0	0	0	3	3	22	0	0	0	0	0	0	0	0	0	0	36	8	0	0	0	0	0	0	0	0	0	0	0	0	0	0	0	0	0	0	2	0	0	6	23	0	0	41	0	0	0	0	0	0	0	0	0	0	53	0	0	0	0	0	0	0	0	1	0	0	1	35	0	0	0	0	0	0	0	0
110	TCGA-AB-2931-03A	TCGA-AB-2931	7e1e419d-919e-4558-9a04-f54383dcaf71	598fc20b-0fde-44ca-ad1a-d37502c85285.rna_seq.genomic.gdc_realn.bam	36a6f106-7dcd-4da2-ae4e-35cf070fbb73	598fc20b-0fde-44ca-ad1a-d37502c85285.rna_seq.star_splice_junctions.tsv.gz	0	0	0	0	0	0	39	19	0	0	65	0	0	0	0	0	0	1	0	0	70	0	0	2	0	0	0	0	0	0	0	0	0	51	0	0	0	0	0	0	0	0	0	0	54	21	0	0	0	0	0	0	0	0	0	0	0	0	0	0	0	0	0	0	0	0	0	0	49	0	0	69	0	0	0	0	0	0	0	0	0	0	77	0	0	0	0	0	0	0	0	3	2	0	3	43	0	0	0	0	0	0	0	0
111	TCGA-AB-2916-03A	TCGA-AB-2916	73e73140-9f1c-4c13-88af-459626e8e666	cdeb3182-d264-425b-9481-56618cd8b5c4.rna_seq.genomic.gdc_realn.bam	e9b055c6-a48e-499c-8d05-958c3190492a	cdeb3182-d264-425b-9481-56618cd8b5c4.rna_seq.star_splice_junctions.tsv.gz	0	0	0	0	0	0	0	0	0	0	1	0	0	0	0	0	0	0	0	0	0	0	0	0	0	0	0	0	0	0	0	0	0	0	0	0	0	0	0	0	0	0	0	0	2	0	0	0	0	0	0	0	0	0	0	0	0	0	0	0	0	0	0	0	0	0	0	0	2	0	0	2	0	0	0	0	0	0	0	0	0	0	0	0	0	0	0	0	0	0	0	0	0	0	0	0	0	0	0	0	0	0	0	0
112	TCGA-AB-2990-03B	TCGA-AB-2990	089c1832-1eab-4648-8390-89d1a3abaaca	48c81c7e-c73f-46ad-b5ef-c49017c260ca.rna_seq.genomic.gdc_realn.bam	6ed2df28-096c-421d-af74-6dcaea78306d	48c81c7e-c73f-46ad-b5ef-c49017c260ca.rna_seq.star_splice_junctions.tsv.gz	0	0	0	0	0	0	16	9	0	0	39	0	0	0	0	0	0	0	0	0	46	0	0	0	0	0	0	0	0	0	0	0	0	30	0	3	0	0	0	0	0	1	0	0	31	10	0	0	0	0	0	0	0	0	0	0	0	0	0	0	0	0	0	0	0	0	0	0	20	0	0	27	0	0	0	0	0	0	0	0	0	0	28	1	0	0	0	0	0	0	0	2	0	0	0	21	0	0	0	0	0	0	0	0
113	TCGA-AB-3007-03A	TCGA-AB-3007	a7ef5816-001e-44b0-8515-c8c656cc0f97	1f3bdcaf-faa0-4915-ae1f-1f4a101fc664.rna_seq.genomic.gdc_realn.bam	2afa50d1-dc14-4441-949d-dfcd9fdadc65	1f3bdcaf-faa0-4915-ae1f-1f4a101fc664.rna_seq.star_splice_junctions.tsv.gz	0	0	0	0	0	0	18	10	0	0	52	0	0	0	0	0	0	0	0	0	51	0	0	1	0	0	0	0	0	0	0	1	0	62	0	0	0	0	0	0	0	0	0	0	47	22	0	0	0	0	0	0	0	0	0	0	0	0	0	0	0	0	0	0	0	0	0	3	39	0	0	60	0	0	0	0	0	0	0	0	0	0	50	1	2	0	1	0	0	0	0	6	2	0	4	32	0	0	0	0	0	0	0	0
114	TCGA-AB-2870-03A	TCGA-AB-2870	cca5c2b3-7cbe-484e-baef-c7f190bc9bcc	7deaf685-7960-49d4-a190-c6991699005f.rna_seq.genomic.gdc_realn.bam	f044eca5-08a5-4a2a-9c65-5abef2aa0a76	7deaf685-7960-49d4-a190-c6991699005f.rna_seq.star_splice_junctions.tsv.gz	0	0	0	0	0	0	11	12	1	0	33	0	0	0	0	0	0	0	0	0	50	0	0	0	0	0	0	0	0	0	0	1	0	30	0	0	0	0	0	0	0	0	0	0	41	10	0	0	0	0	0	0	0	0	0	0	0	0	0	0	0	0	0	0	0	0	0	0	24	0	1	36	0	0	0	0	1	0	0	0	0	0	47	0	0	0	0	0	0	0	0	0	1	0	0	37	0	0	0	0	0	0	0	0
115	TCGA-AB-2817-03A	TCGA-AB-2817	77951795-c718-4a38-839a-d29d26b0cb04	35280e59-ab85-4593-bcd3-736b45ae35e6.rna_seq.genomic.gdc_realn.bam	50c759e3-8bd9-4c8e-8370-a7dfa0582239	35280e59-ab85-4593-bcd3-736b45ae35e6.rna_seq.star_splice_junctions.tsv.gz	0	0	0	0	0	0	1	2	0	0	7	0	0	0	0	0	0	0	0	0	8	0	0	0	0	0	0	0	0	0	0	0	0	1	0	0	0	0	0	0	0	0	0	0	5	0	0	0	0	0	0	0	0	0	0	0	0	0	0	0	0	0	0	0	0	0	0	0	3	0	0	2	0	0	0	0	0	0	0	0	1	0	4	0	0	0	0	0	0	0	0	0	0	0	0	2	0	0	0	0	0	0	0	0
116	TCGA-AB-2835-03A	TCGA-AB-2835	661f57d6-5a49-48f0-a427-ef1e2095068d	bfd81d73-a604-499a-977d-abd0b6fb4329.rna_seq.genomic.gdc_realn.bam	55a47661-2bf3-4684-a1a1-c9b60e583edd	bfd81d73-a604-499a-977d-abd0b6fb4329.rna_seq.star_splice_junctions.tsv.gz	0	0	0	0	0	0	0	0	0	0	0	0	0	0	0	0	0	0	0	0	0	0	0	0	0	0	0	0	0	0	0	0	0	0	0	0	0	0	0	0	0	0	0	0	0	1	0	0	0	0	0	0	0	0	0	0	0	0	0	0	0	0	0	0	0	0	0	0	0	0	0	0	0	0	0	0	0	0	0	0	0	0	1	0	0	0	0	0	0	0	0	0	0	0	0	0	0	0	0	0	0	0	0	0
117	TCGA-AB-2963-03A	TCGA-AB-2963	3fbc1ca1-bdce-49e0-85d0-b7977da16f64	e17d8d14-1b27-4aba-a3a7-242bba34f943.rna_seq.genomic.gdc_realn.bam	795dc16a-cd6a-41b2-b716-8e4745bdd865	e17d8d14-1b27-4aba-a3a7-242bba34f943.rna_seq.star_splice_junctions.tsv.gz	0	0	0	0	0	0	22	14	0	0	45	0	0	0	0	0	0	0	0	0	38	0	0	2	0	0	0	0	0	0	0	0	0	28	0	0	0	0	0	0	0	0	0	0	23	8	0	0	0	0	0	0	1	0	0	0	0	0	0	0	0	0	0	0	0	0	0	0	14	0	0	19	0	0	0	0	0	0	0	0	0	0	19	0	0	0	0	0	0	0	0	0	0	0	0	19	0	0	0	0	0	0	0	0
118	TCGA-AB-2935-03A	TCGA-AB-2935	87d2388e-5fd9-42f0-890a-e119131dd147	8ef4bd00-bdf8-4b19-8545-53bf4c55b2f6.rna_seq.genomic.gdc_realn.bam	5fdc21f7-c332-40a1-a5bf-c56ea6bf3898	8ef4bd00-bdf8-4b19-8545-53bf4c55b2f6.rna_seq.star_splice_junctions.tsv.gz	0	0	0	1	0	0	6	5	0	1	17	0	0	0	0	0	0	0	0	0	17	0	0	0	0	0	0	0	0	0	0	0	0	19	0	0	0	0	0	0	0	0	0	0	8	12	0	0	0	0	0	0	0	0	0	0	0	0	0	0	0	0	0	0	0	0	0	4	8	0	0	19	0	0	0	0	0	0	0	0	0	0	15	0	0	0	0	0	0	0	0	0	0	0	0	17	0	0	0	0	0	0	0	0
119	TCGA-AB-2883-03A	TCGA-AB-2883	ee3011de-a03b-4335-905f-2e5043ff6766	3607d128-c531-4718-8e8a-8973ff846869.rna_seq.genomic.gdc_realn.bam	e6ab754c-a567-4142-b4ca-e8f71f4a1f8b	3607d128-c531-4718-8e8a-8973ff846869.rna_seq.star_splice_junctions.tsv.gz	0	0	0	0	0	0	0	0	0	0	0	0	0	0	0	0	0	0	0	0	0	0	0	0	0	0	0	0	0	0	0	0	0	0	0	0	0	0	0	0	0	0	0	0	0	0	0	0	0	0	0	0	0	0	0	0	0	0	0	0	0	0	0	0	0	0	0	0	0	0	0	0	0	0	0	0	0	0	0	0	0	0	0	0	0	0	0	0	0	0	0	0	0	0	0	0	0	0	0	0	0	0	0	0
120	TCGA-AB-2869-03A	TCGA-AB-2869	66ad2810-92bc-48b1-9eb8-5dd4e0824136	9108729b-515e-45aa-bff7-f677995a7592.rna_seq.genomic.gdc_realn.bam	2e30f15e-a929-403e-bca7-1aa436acd267	9108729b-515e-45aa-bff7-f677995a7592.rna_seq.star_splice_junctions.tsv.gz	0	0	0	0	0	0	24	10	0	1	52	0	0	0	0	0	0	0	0	0	64	0	0	0	0	0	0	0	0	0	0	1	0	50	0	0	0	0	0	0	0	0	0	0	36	16	0	0	0	0	0	0	0	0	0	0	0	0	0	0	0	0	0	0	0	0	0	1	39	0	0	55	0	0	0	0	0	0	0	0	0	0	58	0	0	0	0	1	0	0	0	0	2	0	0	43	0	0	0	1	0	0	0	0
121	TCGA-AB-2880-03A	TCGA-AB-2880	4c39c17e-a02f-42a5-9306-52fa7f8c9973	5db866b3-164d-4415-a18b-048814cffc82.rna_seq.genomic.gdc_realn.bam	fd70719e-072f-41c1-aaae-758c98c30bb6	5db866b3-164d-4415-a18b-048814cffc82.rna_seq.star_splice_junctions.tsv.gz	0	0	0	0	0	0	4	1	0	0	24	0	0	0	0	0	0	0	0	0	17	0	0	0	0	0	0	0	0	0	0	1	1	11	0	0	0	0	0	0	0	0	0	0	5	1	0	0	0	0	0	0	0	0	0	0	0	0	0	0	0	0	0	0	0	0	0	0	5	0	0	11	0	0	0	0	0	0	0	0	0	0	13	0	0	0	0	0	0	0	0	0	0	0	0	11	0	0	0	0	0	0	0	0
122	TCGA-AB-2834-03A	TCGA-AB-2834	98bd557d-e573-4c20-87d1-2592a8a27e02	9d32d24e-720d-40e9-852d-a5d2676234a4.rna_seq.genomic.gdc_realn.bam	818741e3-d087-46b3-9736-ccbdf06fa489	9d32d24e-720d-40e9-852d-a5d2676234a4.rna_seq.star_splice_junctions.tsv.gz	0	0	0	0	0	0	7	0	0	0	19	0	0	0	0	0	0	0	0	0	9	0	0	0	0	0	0	0	0	0	0	0	0	11	0	0	0	0	0	0	0	0	0	0	13	6	0	0	0	0	0	0	0	0	0	0	0	0	0	0	0	0	0	0	0	0	0	0	3	0	0	27	0	0	0	0	0	0	0	0	0	0	14	0	0	0	0	0	0	0	0	0	0	0	0	5	0	0	0	0	0	0	0	0
123	TCGA-AB-2814-03A	TCGA-AB-2814	31176a18-b919-4ede-bee0-71d27fc9f06d	f59691ff-80a8-4a67-b292-ccb2f89596b3.rna_seq.genomic.gdc_realn.bam	51ff589b-4eaa-49cd-9c23-cbde74b923ec	f59691ff-80a8-4a67-b292-ccb2f89596b3.rna_seq.star_splice_junctions.tsv.gz	0	0	0	0	0	0	2	2	0	0	2	0	0	0	0	0	0	0	0	0	2	0	0	0	0	0	0	0	0	0	0	0	0	4	0	0	0	0	0	0	0	0	0	0	5	1	0	0	0	0	0	0	0	0	0	0	0	0	0	0	0	0	0	0	0	0	0	0	2	0	0	4	0	0	0	0	0	0	0	0	0	0	1	0	0	0	0	0	0	0	0	0	0	0	0	2	0	0	0	0	0	0	0	0
124	TCGA-AB-2862-03A	TCGA-AB-2862	53303e14-4b85-4779-8449-6dd261247196	0586b6e5-7c8d-4f29-b4a0-59c2918342d7.rna_seq.genomic.gdc_realn.bam	aaa0e797-e473-477f-82ed-947db61919f4	0586b6e5-7c8d-4f29-b4a0-59c2918342d7.rna_seq.star_splice_junctions.tsv.gz	1	0	0	0	0	0	24	10	0	0	62	0	0	0	0	0	0	0	0	0	47	0	0	0	0	0	0	0	0	0	0	0	0	56	0	0	0	0	0	0	0	0	0	0	34	21	0	0	0	0	0	0	0	0	0	0	0	0	0	0	0	0	0	0	0	0	0	1	38	0	0	50	0	0	0	1	0	0	0	0	0	0	50	0	0	0	0	0	0	0	0	2	2	0	0	47	1	2	0	0	0	0	0	0
125	TCGA-AB-2806-03A	TCGA-AB-2806	b2330730-a505-4f80-8fd1-02db50c45221	1b48c9e1-8bb4-4291-982d-02e9aba18c38.rna_seq.genomic.gdc_realn.bam	d4b70814-7a67-4518-96a1-4fc40abb14c9	1b48c9e1-8bb4-4291-982d-02e9aba18c38.rna_seq.star_splice_junctions.tsv.gz	0	0	0	0	0	0	7	2	0	0	19	0	0	0	0	0	0	0	0	0	22	0	0	0	0	0	0	0	0	0	0	0	0	19	0	0	0	0	0	0	0	0	0	0	19	3	0	0	0	0	0	0	0	0	0	0	0	0	0	0	0	0	0	0	0	0	0	0	14	0	0	13	0	0	0	0	0	0	0	0	0	0	13	0	0	0	0	0	0	0	0	0	0	0	0	10	0	0	0	0	0	0	0	0
126	TCGA-AB-2995-03A	TCGA-AB-2995	59a3e0b5-511f-4314-b03b-5a3156380920	5381aa50-dd9b-4272-9556-45b15d8a7b86.rna_seq.genomic.gdc_realn.bam	67efe5fc-84e8-4f2b-a005-ac2aa3c3c7a3	5381aa50-dd9b-4272-9556-45b15d8a7b86.rna_seq.star_splice_junctions.tsv.gz	0	0	0	0	0	0	0	1	0	0	0	0	0	0	0	0	0	0	0	0	3	0	0	0	0	0	0	0	0	0	0	0	0	1	0	0	0	0	0	0	0	0	0	0	2	1	0	0	0	0	0	0	0	0	0	0	0	0	0	0	0	0	0	0	0	0	0	0	2	0	0	4	0	0	0	0	0	0	0	0	0	0	2	0	0	0	0	0	0	0	0	0	0	0	0	2	0	0	0	0	0	0	0	0
127	TCGA-AB-2948-03A	TCGA-AB-2948	b8a6e979-8281-4687-9e0f-2bebce8c8be3	6efebd72-3399-43bf-b206-676e62b17864.rna_seq.genomic.gdc_realn.bam	c4b2a3f3-301a-41ba-a1f9-60597bd9df23	6efebd72-3399-43bf-b206-676e62b17864.rna_seq.star_splice_junctions.tsv.gz	0	0	0	0	0	0	0	0	0	0	0	0	0	0	0	0	0	0	0	0	1	0	0	0	0	0	0	0	0	0	0	0	0	0	0	0	0	0	0	0	0	0	0	0	1	0	0	0	0	0	0	0	0	0	0	0	0	0	0	0	0	0	0	0	0	0	0	0	2	0	0	1	0	0	0	0	0	0	0	0	0	0	1	0	0	0	0	0	0	0	0	0	0	0	0	2	0	0	0	0	0	0	0	0
128	TCGA-AB-2843-03A	TCGA-AB-2843	c9e240dd-3080-4731-bc5d-f92b6688eee6	a84d1560-508b-456a-9722-3348d39263f8.rna_seq.genomic.gdc_realn.bam	87b22c72-9e02-400e-9fb7-857271607a94	a84d1560-508b-456a-9722-3348d39263f8.rna_seq.star_splice_junctions.tsv.gz	0	0	0	0	0	0	8	2	0	0	6	0	0	0	0	0	0	0	0	0	7	0	0	0	0	0	0	0	0	0	0	0	0	10	0	0	0	0	0	0	0	0	0	0	5	5	0	0	0	0	0	0	0	0	0	0	0	0	0	0	0	0	0	0	0	0	0	1	4	0	0	9	0	0	0	0	0	0	0	0	0	0	15	0	0	0	0	0	0	0	0	0	0	0	0	10	0	0	0	0	0	0	0	0
129	TCGA-AB-2818-03A	TCGA-AB-2818	660cf81d-5fcd-4ed0-a8d7-0e3f37c94fa8	64bc2c14-38c4-42c3-8e31-59226e90e07d.rna_seq.genomic.gdc_realn.bam	098d5972-22e8-4eae-8f3d-d7bb91e035a5	64bc2c14-38c4-42c3-8e31-59226e90e07d.rna_seq.star_splice_junctions.tsv.gz	0	0	0	0	0	0	10	0	0	0	14	0	0	0	0	0	0	0	0	0	10	0	0	1	0	0	0	0	0	0	0	0	0	10	0	0	0	0	0	0	0	0	0	0	13	0	0	0	0	0	0	0	0	0	0	0	0	0	0	0	0	0	0	0	0	0	0	0	7	0	0	5	0	0	0	0	0	0	0	0	0	0	4	0	0	0	0	0	0	0	0	0	0	0	0	6	0	0	0	0	0	0	0	0
130	TCGA-AB-2927-03A	TCGA-AB-2927	d74c565f-a3f0-4dfd-95a3-11fdf69ff1e9	fa648370-e3c3-47cd-80cb-f5281e6e500a.rna_seq.genomic.gdc_realn.bam	2fa06472-47b2-4704-b3dc-04f2b4c3514d	fa648370-e3c3-47cd-80cb-f5281e6e500a.rna_seq.star_splice_junctions.tsv.gz	0	0	0	0	0	0	0	0	0	0	3	0	0	0	0	0	0	0	0	0	4	0	0	0	0	0	0	0	0	0	0	0	0	0	0	0	0	0	0	0	0	0	0	0	0	0	0	0	0	0	0	0	0	0	0	0	0	0	0	0	0	0	0	0	0	0	0	0	0	0	0	0	0	0	0	0	0	0	0	0	0	0	0	0	0	0	0	0	0	0	0	0	0	0	0	0	0	0	0	0	0	0	0	0
131	TCGA-AB-2866-03A	TCGA-AB-2866	3f96f62d-d9b1-4a05-9721-2422632bc4bd	b03f51d5-cf33-4498-95d7-ab55712b0e83.rna_seq.genomic.gdc_realn.bam	cdfc0404-c27c-4b98-b1f4-c4f82f04ed3a	b03f51d5-cf33-4498-95d7-ab55712b0e83.rna_seq.star_splice_junctions.tsv.gz	0	0	0	0	0	0	0	0	0	0	1	0	0	0	0	0	0	0	0	0	1	0	0	0	0	0	0	0	0	0	0	0	0	0	0	0	0	0	0	0	0	0	0	0	2	0	0	0	0	0	0	0	0	0	0	0	0	0	0	0	0	0	0	0	0	0	0	0	0	0	0	0	0	0	0	0	0	0	0	0	0	0	0	0	0	0	0	0	0	0	0	0	0	0	0	1	0	0	0	0	0	0	0	0
132	TCGA-AB-2884-03A	TCGA-AB-2884	21e7b846-3514-43ce-bf15-d00ca5819fce	3c1ba7bc-b307-49aa-b079-20bf0887e31e.rna_seq.genomic.gdc_realn.bam	afd58886-bba1-48b5-9a52-761a28bebd3a	3c1ba7bc-b307-49aa-b079-20bf0887e31e.rna_seq.star_splice_junctions.tsv.gz	0	0	0	0	0	0	6	4	0	0	15	0	0	0	0	0	0	0	0	0	19	0	0	0	0	0	0	0	0	0	0	1	0	13	0	0	0	0	0	0	0	0	0	0	16	3	0	0	0	0	0	0	0	0	0	0	0	0	0	0	0	0	0	0	0	0	0	0	13	0	0	14	0	0	0	0	0	0	0	0	0	0	8	0	0	0	0	0	0	0	0	0	0	0	0	12	0	0	0	0	0	0	0	0
133	TCGA-AB-2821-03A	TCGA-AB-2821	41a714c2-95ed-4638-ba1a-1392ae254a82	017cf34b-148e-4c02-ab6e-a57c81cef162.rna_seq.genomic.gdc_realn.bam	f519231b-8a1f-46e9-a3e3-a7f49fb1ddf5	017cf34b-148e-4c02-ab6e-a57c81cef162.rna_seq.star_splice_junctions.tsv.gz	0	0	0	0	0	0	9	4	0	0	16	0	0	0	0	0	0	0	0	0	22	0	0	1	0	0	0	0	0	0	0	0	0	19	0	0	0	0	0	0	0	0	0	0	14	11	0	0	0	0	0	0	0	0	0	0	0	0	0	0	0	0	0	0	0	0	0	0	19	0	0	25	0	1	0	0	0	0	0	0	0	0	29	0	0	0	0	0	0	0	0	0	0	0	0	27	1	0	0	0	0	0	0	1
134	TCGA-AB-2875-03A	TCGA-AB-2875	debb5d7f-0a25-4209-9c59-ded4f82ffda8	53894213-9499-4d39-8ceb-8eaec6a3774a.rna_seq.genomic.gdc_realn.bam	193c3bca-d866-49e2-a7af-6a5d61400f08	53894213-9499-4d39-8ceb-8eaec6a3774a.rna_seq.star_splice_junctions.tsv.gz	0	0	0	0	0	0	4	1	0	2	10	0	0	0	0	0	0	0	0	0	12	0	0	0	0	0	0	0	0	0	0	0	0	12	0	0	0	0	0	0	0	0	0	0	15	9	0	0	0	0	0	0	0	0	0	0	0	0	0	0	0	0	0	0	0	0	0	0	7	0	0	13	0	0	0	0	0	0	0	0	0	0	9	0	0	1	0	0	0	0	0	0	0	0	0	12	0	0	0	0	0	0	0	0
135	TCGA-AB-2929-03A	TCGA-AB-2929	4c561d6c-a1ee-482c-9f37-12bfa50bc976	29dcb155-07ee-4c89-be50-d9d8b7444ea1.rna_seq.genomic.gdc_realn.bam	ca7ee5c0-24f3-490b-9dd8-7e7687c63d04	29dcb155-07ee-4c89-be50-d9d8b7444ea1.rna_seq.star_splice_junctions.tsv.gz	0	0	0	0	0	0	9	3	0	0	14	0	0	0	0	0	0	0	0	0	19	0	0	0	0	0	0	0	0	0	0	0	0	15	0	0	0	0	0	0	0	0	0	0	15	1	0	0	0	0	0	0	0	0	0	0	0	0	0	0	0	0	0	0	0	0	0	0	11	0	0	14	0	0	0	0	0	0	0	0	0	0	11	0	0	0	0	0	0	0	0	1	0	0	0	9	0	0	0	0	0	1	0	0
136	TCGA-AB-2812-03A	TCGA-AB-2812	31172a12-d553-4a31-adf4-8c8d18e6b6e3	fccd7f45-7747-438e-b153-0758b11dcef7.rna_seq.genomic.gdc_realn.bam	44ee26e7-c504-4f76-bb50-753d6348977d	fccd7f45-7747-438e-b153-0758b11dcef7.rna_seq.star_splice_junctions.tsv.gz	0	0	0	0	0	0	11	6	0	2	32	0	0	0	0	0	0	0	0	0	23	0	0	2	0	0	0	0	0	0	0	0	0	21	0	0	0	0	0	0	0	0	0	0	21	2	0	0	0	0	0	0	0	0	0	0	0	0	0	0	0	0	0	0	0	0	0	1	13	0	0	11	0	0	0	0	0	0	0	0	0	0	17	1	0	0	0	0	0	0	0	1	0	0	0	11	0	0	0	0	0	0	0	0
137	TCGA-AB-2971-03A	TCGA-AB-2971	2f80e206-6992-4edc-9f35-cc7e41dd32a9	b0f90979-31b2-48fd-a948-5d2e5537d5b1.rna_seq.genomic.gdc_realn.bam	ba82a357-8780-49f3-9be2-36b57488846e	b0f90979-31b2-48fd-a948-5d2e5537d5b1.rna_seq.star_splice_junctions.tsv.gz	0	0	0	0	0	0	6	0	0	3	10	0	0	0	0	0	1	0	0	0	5	0	0	0	0	0	0	0	0	0	0	0	1	2	0	0	0	0	0	0	0	0	0	0	6	0	0	0	0	0	0	0	0	0	0	0	0	0	0	0	0	0	0	0	0	0	0	0	4	0	0	7	0	0	0	0	0	0	0	0	0	0	8	0	0	0	0	0	0	0	0	0	0	0	0	2	0	0	0	0	0	0	0	0
138	TCGA-AB-2899-03A	TCGA-AB-2899	2673e3e1-6649-4380-bd82-d3ca2d25c122	6c479da5-ab2b-47a8-b2ef-e16ca431980b.rna_seq.genomic.gdc_realn.bam	3a234e3e-f28d-4d46-8d3e-f30f2d936af4	6c479da5-ab2b-47a8-b2ef-e16ca431980b.rna_seq.star_splice_junctions.tsv.gz	0	0	0	0	0	0	3	4	0	0	11	0	0	0	0	0	0	0	0	1	11	0	0	1	0	0	0	0	0	0	0	0	0	11	0	0	0	0	0	0	0	0	0	0	10	4	0	0	0	0	0	0	0	0	0	0	0	0	0	0	0	0	0	0	0	0	0	0	10	0	0	15	0	0	0	0	0	0	0	0	0	0	15	0	0	0	0	0	0	0	0	0	0	0	0	11	0	0	0	0	0	0	0	0
139	TCGA-AB-2828-03A	TCGA-AB-2828	9152dd21-aba0-4e17-ab4c-437d35586376	cd39b5aa-e040-4828-b5b5-997fade7f0e9.rna_seq.genomic.gdc_realn.bam	edf1c0a7-9780-45f3-8673-f83d21ea0e36	cd39b5aa-e040-4828-b5b5-997fade7f0e9.rna_seq.star_splice_junctions.tsv.gz	0	0	0	0	0	0	9	1	0	0	10	0	0	0	0	0	0	0	0	0	13	0	0	0	0	0	0	0	0	0	0	0	0	9	0	0	0	0	0	0	0	0	0	0	8	5	0	0	0	0	0	0	0	0	0	0	0	0	0	0	0	0	0	0	0	0	0	0	9	0	0	10	0	0	0	0	0	0	0	0	0	0	13	0	0	0	0	0	0	0	0	0	0	0	0	9	0	0	0	0	0	0	0	0
140	TCGA-AB-3011-03A	TCGA-AB-3011	7029ea9b-81d8-41d1-bcba-7d5097f2cedb	631eb36f-ece7-4317-b704-b9d99b7c0830.rna_seq.genomic.gdc_realn.bam	c69df5b3-d068-49f7-ae34-42f124b64902	631eb36f-ece7-4317-b704-b9d99b7c0830.rna_seq.star_splice_junctions.tsv.gz	0	0	0	0	0	0	15	5	0	0	35	0	0	0	0	0	0	0	0	0	27	0	0	0	0	0	0	0	0	0	0	0	0	17	0	0	0	0	0	0	0	0	0	0	8	11	0	0	0	0	0	0	0	0	0	0	0	0	1	0	0	0	0	0	0	0	2	0	20	0	0	29	0	0	0	0	0	0	0	1	0	0	39	0	0	0	0	0	0	0	0	0	0	0	0	26	0	0	0	0	0	0	0	0
141	TCGA-AB-2976-03A	TCGA-AB-2976	05fac631-575a-4065-915d-e1669bcfcab9	6879f095-f2cb-494c-9eae-2eb68471853d.rna_seq.genomic.gdc_realn.bam	9a5c2b0a-f198-45d5-8199-dde348458ac1	6879f095-f2cb-494c-9eae-2eb68471853d.rna_seq.star_splice_junctions.tsv.gz	0	0	0	0	0	0	15	3	0	0	39	0	0	0	0	0	0	0	0	0	30	0	0	0	0	0	0	0	0	0	0	0	0	33	0	0	0	0	0	0	0	0	0	0	8	4	0	0	0	0	0	0	0	0	0	0	0	0	0	0	0	0	0	0	0	0	0	0	14	0	0	13	0	0	0	0	0	0	0	0	0	0	15	0	0	0	0	0	0	0	0	0	0	0	0	9	0	0	0	0	0	0	0	0
142	TCGA-AB-2915-03A	TCGA-AB-2915	924c9d83-c030-4cb0-bb5c-16925affb3f2	ba583de8-42a8-45ae-adcb-ff9555c36e7b.rna_seq.genomic.gdc_realn.bam	52f7bb0c-ff52-411d-8465-40f05271ff02	ba583de8-42a8-45ae-adcb-ff9555c36e7b.rna_seq.star_splice_junctions.tsv.gz	0	0	0	0	0	0	12	8	0	0	17	0	0	0	0	0	0	0	0	0	36	0	0	1	0	0	0	0	0	0	0	0	0	25	0	0	0	0	0	0	0	0	0	0	21	12	0	0	0	0	0	0	0	0	0	0	0	0	0	0	0	0	0	0	0	0	0	0	23	0	0	25	0	0	0	0	0	0	0	0	0	0	30	0	0	0	0	0	0	0	0	0	0	0	0	34	0	0	0	0	0	0	0	0
143	TCGA-AB-2928-03A	TCGA-AB-2928	fe60a483-f3b6-41d1-9153-bda4a9a5ff1a	acde9375-87ce-4bea-a25b-a7cfb41527a1.rna_seq.genomic.gdc_realn.bam	b4e86dd4-3588-4c4f-b3a3-73c4bf95b369	acde9375-87ce-4bea-a25b-a7cfb41527a1.rna_seq.star_splice_junctions.tsv.gz	0	0	0	0	0	0	1	0	0	0	1	0	0	0	0	0	0	0	0	0	1	0	0	0	0	0	0	0	0	0	0	0	0	2	0	0	0	0	0	0	0	0	0	0	1	0	0	0	0	0	0	0	0	0	0	0	0	0	0	0	0	0	0	0	0	0	0	0	3	0	0	4	0	0	0	0	0	0	0	0	0	0	3	0	0	0	0	0	0	0	0	0	0	0	0	2	0	0	0	0	0	0	0	0
144	TCGA-AB-2805-03A	TCGA-AB-2805	7a9f2d4c-e3d0-468d-a92e-841f6f054083	5b6a8fa2-8157-44aa-998e-a484904ed075.rna_seq.genomic.gdc_realn.bam	3ff2ed8a-611a-4569-8634-01f7be5d4b57	5b6a8fa2-8157-44aa-998e-a484904ed075.rna_seq.star_splice_junctions.tsv.gz	0	0	0	0	0	0	0	0	0	0	0	0	0	0	0	0	0	0	0	0	0	0	0	0	0	0	0	0	0	0	0	0	0	0	0	0	0	0	0	0	0	0	0	0	0	0	0	0	0	0	0	0	0	0	0	0	0	0	0	0	0	0	0	0	0	0	0	0	0	0	0	0	0	0	0	0	0	0	0	0	0	0	0	0	0	0	0	0	0	0	0	0	0	0	0	0	0	0	0	0	0	0	0	0
145	TCGA-AB-2859-03A	TCGA-AB-2859	f87e3380-eba2-4d55-b2c9-5c8f70cb4263	8efda712-e06a-497a-91d8-a53a03e593f9.rna_seq.genomic.gdc_realn.bam	da731a44-8cd0-43e9-91eb-861725846a88	8efda712-e06a-497a-91d8-a53a03e593f9.rna_seq.star_splice_junctions.tsv.gz	0	0	0	0	0	0	12	2	0	1	15	0	0	0	0	0	0	0	0	0	25	0	0	1	0	0	0	0	0	0	0	0	0	15	0	0	0	0	0	0	0	0	0	0	12	4	0	0	0	0	0	0	0	0	0	0	0	0	0	0	0	0	0	0	0	0	0	0	11	0	1	18	0	0	0	0	0	0	0	0	0	0	13	0	0	0	0	0	0	0	0	0	2	0	0	13	0	0	0	0	0	0	0	0
146	TCGA-AB-2892-03A	TCGA-AB-2892	a6232533-292b-4726-8cd6-d3a2590d93ea	46934acb-5637-47aa-830c-88e695d0d2e6.rna_seq.genomic.gdc_realn.bam	e15565ba-9ffb-43f9-b107-715aa76948c6	46934acb-5637-47aa-830c-88e695d0d2e6.rna_seq.star_splice_junctions.tsv.gz	0	0	0	0	0	0	4	5	0	0	19	0	0	0	0	0	0	0	0	0	17	0	0	1	0	0	0	0	0	0	0	0	0	20	0	0	0	0	0	0	0	0	0	0	14	11	0	0	0	0	0	0	0	0	0	0	0	0	0	0	0	0	0	0	0	0	0	0	20	0	0	8	0	0	0	0	0	0	0	0	0	0	15	0	0	0	0	0	0	0	0	0	0	0	0	9	0	0	0	0	0	0	0	0
147	TCGA-AB-2917-03A	TCGA-AB-2917	b8153713-7b01-4354-bb5c-620896bb0e14	4297eb4b-6e55-4b10-9a7a-29b13ce87a82.rna_seq.genomic.gdc_realn.bam	9763f4c4-345b-4e7b-ba8e-33afd7907202	4297eb4b-6e55-4b10-9a7a-29b13ce87a82.rna_seq.star_splice_junctions.tsv.gz	0	0	0	0	0	0	4	0	0	0	10	0	0	0	0	0	0	0	0	0	6	0	0	0	0	0	0	0	0	0	0	0	0	1	0	0	0	0	0	0	0	0	0	0	4	0	0	0	0	0	0	0	0	0	0	0	0	0	0	0	0	0	0	0	0	0	0	0	2	0	0	4	0	0	0	0	0	0	0	0	0	0	0	0	0	0	0	0	0	0	0	0	0	0	0	0	0	0	0	0	0	0	0	0
148	TCGA-AB-2881-03A	TCGA-AB-2881	02e5ef7d-75a2-46b0-85ea-6600038dff56	0580e6cb-a508-4f1f-a8cf-f60b96965776.rna_seq.genomic.gdc_realn.bam	3499f994-80f7-4253-8ccb-bfdca6a2a6f2	0580e6cb-a508-4f1f-a8cf-f60b96965776.rna_seq.star_splice_junctions.tsv.gz	0	0	0	0	0	0	10	4	0	2	21	0	0	0	0	0	0	0	1	0	29	0	0	0	0	0	0	0	0	0	0	0	0	22	0	0	0	0	0	0	0	0	0	0	19	7	0	0	0	0	0	0	0	0	0	0	0	0	0	0	0	0	0	0	0	0	0	1	21	0	0	28	0	0	0	0	0	0	0	0	0	0	20	0	0	0	0	0	0	0	0	2	1	0	0	18	0	0	0	0	0	0	0	0
149	TCGA-AB-2977-03B	TCGA-AB-2977	bc20d133-4ecc-43f2-86f5-766dd3cebf1a	b61edf7a-1c34-4c6c-bf27-1675f4358a9d.rna_seq.genomic.gdc_realn.bam	6e09ef38-64e8-4a1d-b01a-129bc3d5b34f	b61edf7a-1c34-4c6c-bf27-1675f4358a9d.rna_seq.star_splice_junctions.tsv.gz	0	0	0	0	0	0	1	4	0	0	10	0	0	0	0	0	0	0	0	0	7	0	0	0	0	0	0	0	0	0	0	0	0	2	0	0	0	0	0	0	0	0	0	0	5	0	0	0	0	0	0	0	0	0	0	0	0	0	0	0	0	0	0	0	0	0	0	0	3	0	0	3	0	0	0	0	0	0	0	0	0	0	7	0	0	0	0	0	0	0	0	0	0	0	0	14	0	0	0	0	0	0	0	0
150	TCGA-AB-2938-03A	TCGA-AB-2938	b2cc29cb-462f-42b4-a6f4-aceb398c34eb	71f68c2c-434d-4b18-847a-3b97a4f16538.rna_seq.genomic.gdc_realn.bam	a66fe89e-8995-4016-9411-6c501d805e4d	71f68c2c-434d-4b18-847a-3b97a4f16538.rna_seq.star_splice_junctions.tsv.gz	0	0	0	0	0	0	7	6	0	0	15	0	0	0	0	0	0	0	0	0	15	0	0	0	0	0	0	0	0	0	0	0	0	13	0	0	0	0	0	0	0	0	0	0	9	4	0	0	0	0	0	0	0	0	0	0	0	0	0	0	0	0	0	0	0	0	0	0	4	0	0	11	0	0	0	0	0	0	0	0	0	0	13	0	0	0	0	0	0	0	0	0	0	0	0	9	0	0	0	0	0	0	0	0
